Rank,Name,Age,YTD,Singles,Doubles,Career
1,Carlos Alcaraz,22,21354778.0,21354778.0,0.0,60032046.0
2,Jannik Sinner,24,19120641.0,19114396.0,6245.0,56632426.0
3,Alexander Zverev,28,7468230.0,7384324.0,83906.0,58134592.0
4,Novak Djokovic,38,5140175.0,5127245.0,12930.0,191252375.0
5,Felix Auger-Aliassime,25,5820031.0,5786377.0,33654.0,20229563.0
6,Taylor Fritz,28,5938539.0,5919347.0,19192.0,28896292.0
7,Alex de Minaur,26,6666087.0,6616603.0,49484.0,22526270.0
8,Lorenzo Musetti,23,6345640.0,6176026.0,169614.0,14166004.0
9,Ben Shelton,23,5672734.0,5528128.0,144606.0,11197426.0
10,Jack Draper,24,3446994.0,3421704.0,25290.0,8443805.0
11,Alexander Bublik,28,3084445.0,3031579.0,52866.0,10771942.0
12,Casper Ruud,27,3971374.0,3947549.0,23825.0,26807809.0
13,Daniil Medvedev,29,3512178.0,3505933.0,6245.0,48820721.0
14,Alejandro Davidovich Fokina,26,3404529.0,3363815.0,40714.0,10689945.0
15,Holger Rune,22,3340029.0,3333784.0,6245.0,15209776.0
16,Andrey Rublev,28,3610136.0,3485060.0,125076.0,31306132.0
17,Karen Khachanov,29,3307201.0,3170381.0,136820.0,21607377.0
18,Jiri Lehecka,24,2684487.0,2596590.0,87897.0,7092295.0
19,Jakub Mensik,20,3126711.0,3052560.0,74151.0,4680106.0
20,Tommy Paul,28,2351622.0,2334222.0,17400.0,12572314.0
21,Francisco Cerundolo,27,2683442.0,2580508.0,102934.0,8745333.0
22,Flavio Cobolli,23,2718529.0,2623372.0,95157.0,5099053.0
23,Denis Shapovalov,26,2043079.0,2018950.0,24129.0,14399177.0
24,Joao Fonseca,19,1769740.0,1757191.0,12549.0,2592310.0
25,Luciano Darderi,23,1749423.0,1625078.0,124345.0,3155792.0
26,Tallon Griekspoor,29,1904549.0,1790038.0,114511.0,6914505.0
27,Cameron Norrie,30,2015212.0,1972588.0,42624.0,13738332.0
28,Learner Tien,20,2309803.0,2245561.0,64242.0,3028887.0
29,Arthur Rinderknech,30,2363389.0,2312833.0,50556.0,6036568.0
30,Frances Tiafoe,27,2114536.0,2069592.0,44944.0,15583132.0
31,Valentin Vacherot,27,1953312.0,1945447.0,7865.0,2338735.0
32,Tomas Machac,25,2347618.0,2161964.0,185654.0,5659097.0
33,Jaume Munar,28,1935134.0,1795515.0,139619.0,6697366.0
34,Corentin Moutet,26,1549136.0,1531711.0,17425.0,5568741.0
35,Brandon Nakashima,24,2112032.0,2040627.0,71405.0,6750479.0
36,Stefanos Tsitsipas,27,2208778.0,2174910.0,33868.0,36211925.0
37,Ugo Humbert,27,1647011.0,1635293.0,11718.0,10021604.0
38,Alex Michelsen,21,1685043.0,1464284.0,220759.0,3724541.0
39,Arthur Fils,21,1509191.0,1464031.0,45160.0,5944702.0
40,Lorenzo Sonego,30,1863836.0,1661931.0,201905.0,9227898.0
41,Gabriel Diallo,24,1755135.0,1694023.0,61112.0,2637327.0
42,Zizou Bergs,26,1435594.0,1382401.0,53193.0,2909238.0
43,Alexandre Muller,28,1539373.0,1421571.0,117802.0,3789541.0
44,Grigor Dimitrov,34,1753525.0,1735659.0,17866.0,31045068.0
45,Sebastian Baez,25,1456361.0,1389186.0,67175.0,5881488.0
46,Daniel Altmaier,27,1483733.0,1481497.0,2236.0,4806363.0
47,Nuno Borges,28,1694475.0,1530329.0,164146.0,4298081.0
48,Sebastian Korda,25,1376445.0,1182353.0,194092.0,8277494.0
49,Camilo Ugo Carabelli,26,1193740.0,1107687.0,86053.0,2045959.0
50,Jenson Brooksby,25,1153180.0,1123768.0,29412.0,3289485.0
51,Miomir Kecmanovic,26,1382732.0,1323725.0,59007.0,8108760.0
52,Reilly Opelka,28,1212298.0,1206053.0,6245.0,5710657.0
53,Alexei Popyrin,26,1839584.0,1707310.0,132274.0,8608253.0
54,Fabian Marozsan,26,1445209.0,1396753.0,48456.0,3683928.0
55,Marton Fucsovics,33,841447.0,841447.0,0.0,8087833.0
56,Matteo Berrettini,29,1222092.0,1178756.0,43336.0,13740670.0
57,Valentin Royer,24,803022.0,792575.0,10447.0,1051600.0
58,Giovanni Mpetshi Perricard,22,1271143.0,1183294.0,87849.0,2970018.0
59,Tomas Martin Etcheverry,26,1460283.0,1352402.0,107881.0,5301668.0
60,Aleksandar Kovacevic,27,916583.0,888532.0,28051.0,2269193.0
61,Matteo Arnaldi,24,1233978.0,1198472.0,35506.0,4359291.0
62,Kamil Majchrzak,29,1035022.0,1028358.0,6664.0,3155929.0
63,Terence Atmane,23,782407.0,781868.0,539.0,1407483.0
64,Arthur Cazaux,23,829085.0,798644.0,30441.0,2192586.0
65,Marcos Giron,32,1346209.0,1286363.0,59846.0,6316187.0
66,Damir Dzumhur,33,1105311.0,1050929.0,54382.0,6315964.0
67,Francisco Comesana,25,1080132.0,1034833.0,45299.0,1868706.0
68,Gael Monfils,39,1132623.0,1127483.0,5140.0,24497757.0
69,Adrian Mannarino,37,1157288.0,1131766.0,25522.0,14238654.0
70,Ethan Quinn,21,942022.0,899486.0,42536.0,1299651.0
71,Jacob Fearnley,24,1125036.0,1083543.0,41493.0,1437663.0
72,Hubert Hurkacz,28,1153504.0,1148175.0,5329.0,18461087.0
73,Marin Cilic,37,875928.0,875928.0,0.0,32572614.0
74,Jesper de Jong,25,805620.0,782720.0,22900.0,1715830.0
75,Mariano Navone,24,1024278.0,980327.0,43951.0,2296037.0
76,Mattia Bellucci,24,1027936.0,960121.0,67815.0,1842557.0
77,Botic van de Zandschulp,30,928607.0,877775.0,50832.0,5811163.0
78,Adam Walton,26,990688.0,922589.0,68099.0,1747601.0
79,Cristian Garin,29,546416.0,545939.0,477.0,6644987.0
80,Filip Misolic,24,517200.0,514836.0,2364.0,1105581.0
81,Hamad Medjedovic,22,860346.0,845346.0,15000.0,2258822.0
82,Alejandro Tabilo,28,1000548.0,945627.0,54921.0,4375233.0
83,Jan-Lennard Struff,35,1220713.0,1179841.0,40872.0,12197748.0
84,Aleksandar Vukic,29,1101895.0,1066368.0,35527.0,3443937.0
85,Raphael Collignon,23,619361.0,597961.0,21400.0,830667.0
86,Juan Manuel Cerundolo,24,547616.0,545736.0,1880.0,1626421.0
87,James Duckworth,33,767596.0,723695.0,43901.0,4846831.0
88,Emilio Nava,24,568649.0,552129.0,16520.0,1526895.0
89,Eliot Spizzirri,24,527998.0,513824.0,14174.0,814317.0
90,Roberto Bautista Agut,37,1019026.0,1019026.0,0.0,19920650.0
91,Quentin Halys,29,1204883.0,1101440.0,103443.0,4552568.0
92,Pedro Martinez,28,1305228.0,1110036.0,195192.0,5651523.0
93,Pablo Carreno Busta,34,838542.0,823119.0,15423.0,16944900.0
94,Benjamin Bonzi,29,1181578.0,1094928.0,86650.0,4173564.0
95,Dalibor Svrcina,23,415231.0,408641.0,6590.0,1000636.0
96,Hugo Gaston,25,822955.0,818904.0,4051.0,3635691.0
97,Alexander Shevchenko,25,1019367.0,999897.0,19470.0,2962233.0
98,Laslo Djere,30,641575.0,630259.0,11316.0,6610956.0
99,Shintaro Mochizuki,22,573843.0,568549.0,5294.0,1367060.0
100,Tristan Schoolkate,24,731169.0,690910.0,40259.0,1251912.0
101,Carlos Taberner,28,339000.0,336196.0,2804.0,1484143.0
102,Ignacio Buse,21,373311.0,368731.0,4580.0,464885.0
103,Vit Kopriva,28,687983.0,674433.0,13550.0,1564437.0
104,Yannick Hanfmann,34,575764.0,573434.0,2330.0,3800341.0
105,Roman Andres Burruchaga,23,362876.0,358621.0,4255.0,774651.0
106,Thiago Agustin Tirante,24,443723.0,434611.0,9112.0,1302226.0
107,Luca Nardi,22,805795.0,805795.0,0.0,2084145.0
108,Jordan Thompson,31,1299785.0,1028560.0,271225.0,9339086.0
109,Nikoloz Basilashvili,33,578777.0,578777.0,0.0,9451701.0
110,Yoshihito Nishioka,30,778758.0,778758.0,0.0,7366806.0
111,Tomas Barrios Vera,28,374790.0,364087.0,10703.0,1387102.0
112,Brandon Holt,27,512171.0,494503.0,17668.0,1105186.0
113,Rinky Hijikata,24,1085290.0,773367.0,311923.0,3448029.0
114,Mackenzie McDonald,30,771936.0,710040.0,61896.0,6926652.0
115,Borna Coric,29,480135.0,480135.0,0.0,13445108.0
116,Christopher O'Connell,31,837419.0,824301.0,13118.0,3919553.0
117,Alexander Blockx,20,747361.0,740405.0,6956.0,888213.0
118,Patrick Kypson,26,212185.0,211569.0,616.0,783151.0
119,David Goffin,35,901165.0,860325.0,40840.0,18988566.0
120,Elmer Moller,22,475140.0,474385.0,755.0,570153.0
121,Dusan Lajovic,35,588660.0,585625.0,3035.0,10382789.0
122,Nicolas Jarry,30,913759.0,895466.0,18293.0,7511368.0
123,Yunchaokete Bu,23,963391.0,891149.0,72242.0,1688726.0
124,Chun-Hsin Tseng,24,558310.0,558310.0,0.0,1579816.0
125,Jan Choinski,29,241507.0,241233.0,274.0,1011925.0
126,Otto Virtanen,24,389206.0,384806.0,4400.0,1265303.0
127,Dino Prizmic,20,433479.0,433479.0,0.0,753728.0
128,Billy Harris,30,614085.0,594003.0,20082.0,1264666.0
129,Roberto Carballes Baena,32,767240.0,736646.0,30594.0,6086768.0
130,Vilius Gaubas,20,319909.0,319635.0,274.0,473183.0
131,Marco Trungelliti,35,304005.0,298448.0,5557.0,2156637.0
132,Sebastian Ofner,29,736874.0,732506.0,4368.0,3450368.0
133,Liam Draxl,24,265786.0,236676.0,29110.0,433812.0
134,Moez Echargui,32,120638.0,119745.0,893.0,291621.0
135,Martin Landaluce,19,554723.0,554125.0,598.0,773920.0
136,Nicolai Budkov Kjaer,19,424942.0,423590.0,1352.0,440414.0
137,Kyrian Jacquet,24,346304.0,329839.0,16465.0,727665.0
138,Francesco Passaro,24,539714.0,535635.0,4079.0,1338217.0
139,Francesco Maestrelli,23,182677.0,176134.0,6543.0,581840.0
140,Hugo Dellien,32,553171.0,552666.0,505.0,2930193.0
141,Andrea Pellegrino,28,190961.0,182176.0,8785.0,956016.0
142,Lukas Klein,27,358620.0,356756.0,1864.0,1212612.0
143,Zachary Svajda,23,379855.0,378810.0,1045.0,1266571.0
144,Adolfo Daniel Vallejo,21,148801.0,144243.0,4558.0,245983.0
145,Ugo Blanchet,26,541252.0,524926.0,16326.0,867440.0
146,Colton Smith,22,301132.0,285202.0,15930.0,324813.0
147,Sho Shimabukuro,28,216036.0,213436.0,2600.0,765875.0
148,Matteo Gigante,23,508601.0,508601.0,0.0,971938.0
149,Mark Lajal,22,279261.0,277776.0,1485.0,557587.0
150,Coleman Wong,21,585687.0,571700.0,13987.0,882374.0
151,Jaime Faria,22,570805.0,567313.0,3492.0,827360.0
152,Daniel Elahi Galan,29,453418.0,451683.0,1735.0,3363301.0
153,Titouan Droguet,24,308420.0,306039.0,2381.0,793116.0
154,Giulio Zeppieri,24,396277.0,396277.0,0.0,1352406.0
155,Pierre-Hugues Herbert,34,537023.0,377130.0,159893.0,10074807.0
156,Kei Nishikori,36,350428.0,350428.0,0.0,26000435.0
157,Stan Wawrinka,40,468243.0,464651.0,3592.0,37792029.0
158,Henrique Rocha,21,419557.0,412868.0,6689.0,670396.0
159,Yosuke Watanuki,27,380597.0,377594.0,3003.0,1485190.0
160,Guy Den Ouden,23,162967.0,162367.0,600.0,247675.0
161,Juan Pablo Ficovich,28,309420.0,304721.0,4699.0,881660.0
162,Luka Mikrut,21,99441.0,89374.0,10067.0,162311.0
163,Harold Mayot,23,315498.0,293425.0,22073.0,1152714.0
164,Zsombor Piros,26,211107.0,209843.0,1264.0,821688.0
165,Daniel Merida,21,170256.0,164029.0,6227.0,253992.0
166,Luca Van Assche,21,262373.0,262099.0,274.0,2137962.0
167,Nishesh Basavareddy,20,787813.0,787523.0,290.0,1111751.0
168,Rafael Jodar,19,303614.0,303614.0,0.0,309133.0
169,Vitaliy Sachko,28,193702.0,172170.0,21532.0,620178.0
170,Nicolas Mejia,25,135086.0,123136.0,11950.0,377860.0
171,Alex Bolt,32,263330.0,262124.0,1206.0,2031625.0
172,Roman Safiullin,28,764056.0,741826.0,22230.0,4000757.0
173,Elias Ymer,29,174025.0,172132.0,1893.0,2223149.0
174,Martin Damm,22,216430.0,214458.0,1972.0,538487.0
175,Jay Clarke,27,236120.0,229407.0,6713.0,1127706.0
176,Jurij Rodionov,26,256309.0,246919.0,9390.0,1514410.0
177,Hugo Grenier,29,246579.0,243581.0,2998.0,1545050.0
178,Zdenek Kolar,29,103177.0,84953.0,18224.0,1173555.0
179,Leandro Riedi,23,524667.0,524069.0,598.0,1044653.0
180,Tristan Boyer,24,581817.0,560537.0,21280.0,854698.0
181,Yibing Wu,26,256993.0,254218.0,2775.0,1453973.0
182,Dane Sweeny,24,100536.0,94646.0,5890.0,585353.0
183,Federico Agustin Gomez,29,432517.0,407107.0,25410.0,646853.0
184,Rei Sakamoto,19,201038.0,190358.0,10680.0,245200.0
185,Daniel Evans,35,413338.0,402022.0,11316.0,9257216.0
186,Justin Engel,18,397079.0,369450.0,27629.0,440206.0
187,Jerome Kym,22,411559.0,402695.0,8864.0,641968.0
188,Michael Zheng,21,110650.0,106910.0,3740.0,192007.0
189,Arthur Fery,23,205794.0,205633.0,161.0,539368.0
190,August Holmgren,27,388463.0,383332.0,5131.0,514375.0
191,Alex Barrena,23,99957.0,98533.0,1424.0,163827.0
192,Bernard Tomic,33,244793.0,231225.0,13568.0,6650819.0
193,James McCabe,22,389120.0,388075.0,1045.0,682177.0
194,Stefano Travaglia,34,129886.0,121993.0,7893.0,2585554.0
195,Jason Kubler,32,216771.0,191282.0,25489.0,2692510.0
196,Alvaro Guillen Meza,22,148842.0,143900.0,4942.0,270505.0
197,Thiago Monteiro,31,387803.0,387803.0,0.0,4320125.0
198,Daniil Glinka,25,64761.0,64761.0,0.0,125820.0
199,Sascha Gueymard Wayenburg,22,161765.0,160446.0,1319.0,324083.0
200,Oliver Crawford,26,209593.0,209593.0,0.0,495795.0
201,Dan Added,26,95119.0,79973.0,15146.0,414494.0
202,Clement Tabur,25,192887.0,190445.0,2442.0,439087.0
203,Jack Pinnington Jones,22,242699.0,240499.0,2200.0,341236.0
204,Alex Molcan,28,70290.0,70290.0,0.0,2307744.0
205,Alexis Galarneau,26,266010.0,253820.0,12190.0,653871.0
206,Mitchell Krueger,31,384344.0,370205.0,14139.0,1888684.0
207,Joao Lucas Reis Da Silva,25,114483.0,106649.0,7834.0,291623.0
208,Gilles Arnaud Bailly,20,64524.0,64157.0,367.0,113176.0
209,Chris Rodesch,24,210743.0,208592.0,2151.0,260426.0
210,Juan Carlos Prado Angelo,20,86049.0,79936.0,6113.0,141350.0
211,George Loffhagen,24,188026.0,188026.0,0.0,362031.0
212,Facundo Diaz Acosta,25,254615.0,254615.0,0.0,1447597.0
213,Pablo Llamas Ruiz,23,291709.0,285021.0,6688.0,583781.0
214,Lorenzo Giustino,34,75184.0,74737.0,447.0,1012499.0
215,Gonzalo Bueno,21,84669.0,82261.0,2408.0,187561.0
216,Murphy Cassone,23,185385.0,182613.0,2772.0,247480.0
217,Thiago Seyboth Wild,25,374809.0,374809.0,0.0,2258358.0
218,Luka Pavlovic,25,192330.0,187807.0,4523.0,253859.0
219,Ryan Peniston,30,97376.0,94699.0,2677.0,810358.0
220,Yu Hsiou Hsu,26,130286.0,107551.0,22735.0,769130.0
221,Lukas Neumayer,23,212074.0,208296.0,3778.0,438490.0
222,Lloyd Harris,28,452164.0,451874.0,290.0,4602746.0
223,Dmitry Popko,29,208301.0,203316.0,4985.0,938570.0
224,Nerman Fatic,31,71987.0,68640.0,3347.0,405736.0
225,Felipe Meligeni Alves,27,183606.0,171501.0,12105.0,1363210.0
226,Santiago Rodriguez Taverna,26,147994.0,130441.0,17553.0,606561.0
227,Arthur Bouquier,25,157081.0,152741.0,4340.0,235171.0
228,Marco Cecchinato,33,73760.0,72402.0,1358.0,5104859.0
229,Rio Noguchi,27,124292.0,107145.0,17147.0,437373.0
230,Genaro Alberto Olivieri,27,81860.0,78114.0,3746.0,598379.0
231,Rodrigo Pacheco Mendez,20,230461.0,212623.0,17838.0,357713.0
232,Matej Dodig,20,95522.0,86571.0,8951.0,169427.0
233,Lautaro Midon,21,69410.0,62962.0,6448.0,116852.0
234,Johannus Monday,23,217551.0,195377.0,22174.0,317580.0
235,Kimmer Coppejans,31,208664.0,205354.0,3310.0,1402681.0
236,Federico Cina,18,201126.0,200654.0,472.0,227750.0
237,Timofey Skatov,24,188431.0,183925.0,4506.0,972076.0
238,Marko Topo,22,82222.0,79673.0,2549.0,210441.0
239,Daniel Rincon,22,143326.0,131955.0,11371.0,480157.0
240,Alejandro Moro Canas,25,169472.0,166048.0,3424.0,514987.0
241,Gustavo Heide,23,105611.0,100821.0,4790.0,426806.0
242,Viktor Durasovic,28,128808.0,123108.0,5700.0,421021.0
243,Marc-Andrea Huesler,29,238865.0,220254.0,18611.0,2077233.0
244,Arthur Gea,20,125370.0,113811.0,11559.0,222197.0
245,Hady Habib,27,346851.0,342741.0,4110.0,499386.0
246,Andrea Collarini,33,219098.0,210907.0,8191.0,1014277.0
247,Max Houkes,25,70338.0,66163.0,4175.0,178559.0
248,Clement Chidekh,24,157678.0,143608.0,14070.0,292564.0
249,Murkel Dellien,28,155149.0,144659.0,10490.0,407210.0
250,Yi Zhou,20,121408.0,114448.0,6960.0,313632.0
251,Daniel Michalski,25,62743.0,61045.0,1698.0,246029.0
252,Kaichi Uchida,31,63539.0,49476.0,14063.0,629181.0
253,Juncheng Shang,20,405135.0,386705.0,18430.0,2178342.0
254,Benjamin Hassan,30,285783.0,278041.0,7742.0,730734.0
255,Juan Pablo Varillas,30,75547.0,75547.0,0.0,1732387.0
256,Joel Schwaerzler,19,98381.0,75536.0,22845.0,178862.0
257,Remy Bertola,27,81834.0,79474.0,2360.0,230940.0
258,Geoffrey Blancaneaux,27,168802.0,134693.0,34109.0,1024858.0
259,Calvin Hemery,30,185776.0,184345.0,1431.0,878902.0
260,Nicolas Kicker,33,53984.0,50875.0,3109.0,1217458.0
261,Ivan Gakhov,29,76519.0,72071.0,4448.0,521149.0
262,Toby Samuel,23,37500.0,37133.0,367.0,114259.0
263,Dimitar Kuzmanov,32,75402.0,74794.0,608.0,888262.0
264,Christopher Eubanks,29,351743.0,350565.0,1178.0,3834282.0
265,Frederico Ferreira Silva,30,67511.0,65743.0,1768.0,806698.0
266,Patrick Zahraj,26,101133.0,85204.0,15929.0,146675.0
267,Tiago Pereira,21,86309.0,65833.0,20476.0,142259.0
268,Gauthier Onclin,24,246554.0,244980.0,1574.0,509498.0
269,Federico Coria,33,193013.0,193013.0,0.0,3303680.0
270,Tom Paris,23,58607.0,55137.0,3470.0,87514.0
271,Andres Martin,24,112218.0,104772.0,7446.0,186122.0
272,Andres Andrade,27,63341.0,57724.0,5617.0,151898.0
273,Ilia Simakin,22,64319.0,56362.0,7957.0,118429.0
274,Edas Butvilas,21,149695.0,145646.0,4049.0,213078.0
275,Pedro Boscardin Dias,22,60684.0,50423.0,10261.0,161041.0
276,Fajing Sun,29,155554.0,145111.0,10443.0,450304.0
277,Sumit Nagal,28,217873.0,216829.0,1044.0,1631781.0
278,Henri Squire,25,130032.0,129200.0,832.0,498674.0
279,Beibit Zhukayev,25,261933.0,249814.0,12119.0,684699.0
280,Filip Cristian Jianu,24,177527.0,173875.0,3652.0,377468.0
281,Alex Rybakov,28,48450.0,45283.0,3167.0,227508.0
282,Stefanos Sakellaridis,21,60397.0,52548.0,7849.0,203639.0
283,Florent Bax,26,45198.0,41862.0,3336.0,100536.0
284,Alastair Gray,27,61735.0,60322.0,1413.0,290439.0
285,Marat Sharipov,23,61762.0,54539.0,7223.0,133437.0
286,Saba Purtseladze,24,76471.0,71985.0,4486.0,157064.0
287,Michael Mmoh,27,141689.0,139839.0,1850.0,2330276.0
288,James Trotter,26,266249.0,260967.0,5282.0,375275.0
289,Stefan Kozlov,27,50492.0,49162.0,1330.0,1079127.0
290,Andrej Nedic,21,38491.0,34754.0,3737.0,63812.0
291,Tom Gentzsch,22,51051.0,50005.0,1046.0,99929.0
292,Fabrizio Andaloro,24,40363.0,38227.0,2136.0,73783.0
293,Abdullah Shelbayh,22,80450.0,77625.0,2825.0,651513.0
294,Garrett Johns,25,107826.0,101991.0,5835.0,159094.0
295,Borna Gojo,27,227341.0,215053.0,12288.0,1411324.0
296,Tyler Zink,24,97794.0,88469.0,9325.0,158623.0
297,Michael Geerts,30,77007.0,61050.0,15957.0,417755.0
298,Mikhail Kukushkin,38,244881.0,242990.0,1891.0,7515896.0
299,Norbert Gombos,35,57325.0,56880.0,445.0,2311795.0
300,Darwin Blanch,18,175912.0,175367.0,545.0,235005.0
301,Matheus Pucinelli De Almeida,24,55435.0,50932.0,4503.0,332132.0
302,Sandro Kopp,25,49470.0,44205.0,5265.0,160291.0
303,Jacopo Berrettini,27,56669.0,43842.0,12827.0,220915.0
304,Hynek Barton,21,64008.0,54536.0,9472.0,113956.0
305,Robin Bertrand,22,90016.0,83009.0,7007.0,203233.0
306,Liam Broady,31,35957.0,34222.0,1735.0,2100667.0
307,Nikolas Sanchez Izquierdo,26,59506.0,52319.0,7187.0,274454.0
308,Petr Brunclik,19,45191.0,44297.0,894.0,56900.0
309,Yasutaka Uchiyama,33,251472.0,250022.0,1450.0,1903395.0
310,Lilian Marmousez,23,37469.0,35914.0,1555.0,89207.0
311,Aziz Dougaz,28,217230.0,213435.0,3795.0,651667.0
312,Gianluca Cadenasso,21,50081.0,37954.0,12127.0,82240.0
313,Richard Gasquet,39,242046.0,240347.0,1699.0,21490622.0
314,Eliakim Coulibaly,23,49611.0,45192.0,4419.0,127801.0
315,Harry Wendelken,24,48077.0,38330.0,9747.0,130828.0
316,Jie Cui,27,70245.0,59150.0,11095.0,210907.0
317,Akira Santillan,28,43375.0,35250.0,8125.0,538897.0
318,Charles Broom,27,68001.0,44546.0,23455.0,356596.0
319,Duje Ajdukovic,24,161124.0,160330.0,794.0,681939.0
320,Carlos Sanchez Jover,25,59861.0,56701.0,3160.0,191404.0
321,Matteo Martineau,26,132362.0,123510.0,8852.0,492431.0
322,Miguel Damas,26,43596.0,42839.0,757.0,114734.0
323,Mats Rosenkranz,27,54855.0,48432.0,6423.0,200542.0
324,Facundo Mena,33,143830.0,128249.0,15581.0,688133.0
325,Renta Tokuda,27,35385.0,34758.0,627.0,147290.0
326,Gabi Adrian Boitan,26,37518.0,34936.0,2582.0,108831.0
327,Philip Henning,25,35788.0,31470.0,4318.0,71331.0
328,Petr Bar Biryukov,23,54981.0,45899.0,9082.0,96529.0
329,Omar Jasika,28,229090.0,226516.0,2574.0,755145.0
330,Mathys Erhard,24,88313.0,85069.0,3244.0,223917.0
331,Li Tu,29,310037.0,279802.0,30235.0,912287.0
332,Giles Hussey,28,59299.0,55038.0,4261.0,141763.0
333,Oliver Tarvet,22,153280.0,153280.0,0.0,165798.0
334,Franco Agamenone,32,44998.0,36660.0,8338.0,642287.0
335,Andrej Martin,36,48834.0,44921.0,3913.0,1653083.0
336,Andrea Vavassori,30,908538.0,66850.0,841688.0,3240111.0
337,Alfredo Perez,28,56927.0,45495.0,11432.0,125557.0
338,Hamish Stewart,26,97249.0,87122.0,10127.0,130320.0
339,Jelle Sels,30,55170.0,50318.0,4852.0,391480.0
340,Daniel Dutra da Silva,37,68731.0,56739.0,11992.0,437104.0
341,Sergey Fomin,24,40391.0,34164.0,6227.0,131515.0
342,Jakub Paul,26,117868.0,42932.0,74936.0,279943.0
343,Gabriele Piraino,22,42576.0,42522.0,54.0,107316.0
344,Maxim Mrva,18,45485.0,43520.0,1965.0,52233.0
345,Gonzalo Villanueva,30,65113.0,44798.0,20315.0,279873.0
346,Mika Brunold,21,52733.0,52733.0,0.0,121360.0
347,Cedrik-Marcel Stebe,35,32697.0,32643.0,54.0,1609348.0
348,Martin Krumich,23,33581.0,33141.0,440.0,106781.0
349,Andre Ilagan,25,51046.0,45384.0,5662.0,87697.0
350,Constant Lestienne,33,142857.0,142567.0,290.0,2226728.0
351,Yuta Shimizu,26,187475.0,173248.0,14227.0,496495.0
352,Franco Roncadelli,25,46585.0,37152.0,9433.0,125292.0
353,Antoine Ghibaudo,20,38664.0,37772.0,892.0,84540.0
354,Maximus Jones,21,39453.0,37020.0,2433.0,83289.0
355,Javier Barranco Cosano,27,72481.0,68684.0,3797.0,377748.0
356,Moerani Bouzige,26,54605.0,51863.0,2742.0,111008.0
357,Henry Searle,19,148542.0,136953.0,11589.0,268636.0
358,Patrick Maloney,25,84836.0,79182.0,5654.0,110122.0
359,Sanhui Shin,28,35587.0,32529.0,3058.0,85491.0
360,Christian Langmo,29,46086.0,43078.0,3008.0,152805.0
361,Adria Soriano Barrera,26,36513.0,29742.0,6771.0,101275.0
362,Nicolas Alvarez Varona,24,45587.0,41292.0,4295.0,191626.0
363,Hayato Matsuoka,20,31637.0,29938.0,1699.0,47890.0
364,Hyeon Chung,29,35403.0,35403.0,0.0,3774890.0
365,Dominic Stricker,23,273745.0,263847.0,9898.0,1935902.0
366,Juan Bautista Torres,23,49611.0,45988.0,3623.0,197696.0
367,Denis Yevseyev,32,77872.0,70042.0,7830.0,614750.0
368,Samir Banerjee,22,31499.0,29330.0,2169.0,71368.0
369,Aslan Karatsev,32,34482.0,34482.0,0.0,5386717.0
370,Alibek Kachmazov,23,168540.0,166940.0,1600.0,436902.0
371,Gastao Elias,35,44873.0,41654.0,3219.0,1554482.0
372,Hernan Casanova,31,36526.0,29308.0,7218.0,327132.0
373,Corentin Denolly,28,57624.0,48432.0,9192.0,295225.0
374,Christoph Negritu,31,83063.0,53292.0,29771.0,216843.0
375,Luca Potenza,25,38118.0,32819.0,5299.0,112068.0
376,Taro Daniel,32,363306.0,363306.0,0.0,4938771.0
377,Felix Gill,23,25547.0,25547.0,0.0,171253.0
378,Viacheslav Bielinskyi,22,24706.0,22916.0,1790.0,70396.0
379,Alexey Vatutin,33,47938.0,46016.0,1922.0,677400.0
380,Guido Ivan Justo,28,39930.0,34929.0,5001.0,98050.0
381,Pol Martin Tiffon,26,133413.0,132866.0,547.0,290818.0
382,Paul Jubb,26,91453.0,91163.0,290.0,621661.0
383,Kilian Feldbausch,20,46307.0,41253.0,5054.0,88076.0
384,Pedro Sakamoto,32,34333.0,32410.0,1923.0,271794.0
385,Tung-Lin Wu,27,45173.0,42719.0,2454.0,604471.0
386,Diego Dedura,17,102964.0,102643.0,321.0,117456.0
387,Cezar Cretu,24,34149.0,28951.0,5198.0,146489.0
388,Federico Arnaboldi,25,169501.0,168616.0,885.0,299918.0
389,Trevor Svajda,19,56960.0,56030.0,930.0,92753.0
390,Raul Brancaccio,28,37116.0,33880.0,3236.0,495571.0
391,Max Alcala Gurri,23,35683.0,33532.0,2151.0,109570.0
392,Aidan McHugh,25,29520.0,26877.0,2643.0,238653.0
393,Mili Poljicak,21,62292.0,49130.0,13162.0,172040.0
394,David Jorda Sanchis,31,35798.0,34824.0,974.0,175705.0
395,Matias Soto,26,71995.0,48972.0,23023.0,200629.0
396,Marc Polmans,28,68455.0,48148.0,20307.0,1845001.0
397,Rudolf Molleker,25,39334.0,37110.0,2224.0,771026.0
398,Facundo Bagnis,35,141075.0,140785.0,290.0,3263172.0
399,Ioannis Xilas,24,24267.0,23330.0,937.0,39083.0
400,Carlo Alberto Caniato,20,59841.0,33017.0,26824.0,73249.0
401,Andrea Picchione,27,37412.0,33528.0,3884.0,128589.0
402,Aryan Shah,20,41684.0,35472.0,6212.0,57773.0
403,Albert Ramos-Vinolas,37,162181.0,162181.0,0.0,11215461.0
404,Igor Marcondes,28,27025.0,21257.0,5768.0,86557.0
405,Daniel Milavsky,24,38897.0,27963.0,10934.0,44104.0
406,Robert Strombachs,26,32944.0,28819.0,4125.0,146474.0
407,Raphael Perot,24,22601.0,21932.0,669.0,26821.0
408,Lucas Poullain,30,35502.0,34429.0,1073.0,142539.0
409,Maks Kasnikowski,22,61855.0,61758.0,97.0,291235.0
410,Zhizhen Zhang,29,427064.0,378404.0,48660.0,3890787.0
411,Mariano Kestelboim,29,55055.0,30344.0,24711.0,209972.0
412,Inaki Montes-De La Torre,23,43129.0,31030.0,12099.0,93694.0
413,Mert Alkaya,25,26616.0,23086.0,3530.0,45304.0
414,Alex Hernandez,26,56812.0,50071.0,6741.0,151645.0
415,Oriol Roca Batalla,32,76523.0,55966.0,20557.0,643348.0
416,Luca Castelnuovo,28,35592.0,27504.0,8088.0,123740.0
417,Alex Martinez,24,35637.0,29699.0,5938.0,69299.0
418,Arthur Weber,33,21599.0,19574.0,2025.0,97013.0
419,Stuart Parker,28,29699.0,26926.0,2773.0,178564.0
420,Florian Broska,27,26362.0,25630.0,732.0,57519.0
421,Marek Gengel,30,55534.0,51010.0,4524.0,266484.0
422,Kasidit Samrej,24,118356.0,115705.0,2651.0,177295.0
423,Max Basing,23,20966.0,19019.0,1947.0,37116.0
424,Ricardas Berankis,35,29838.0,29146.0,692.0,4873862.0
425,Michele Ribecai,22,28930.0,26514.0,2416.0,41162.0
426,Dan  Martin,26,,,,
427,Lorenzo Carboni,19,43488.0,34389.0,9099.0,68416.0
428,Antoine Escoffier,33,117269.0,112144.0,5125.0,708879.0
429,Hikaru Shiraishi,25,27822.0,24810.0,3012.0,61968.0
430,Keegan Smith,27,26166.0,22734.0,3432.0,139930.0
431,Neil Oberleitner,26,89644.0,37067.0,52577.0,205674.0
432,Vadym Ursu,28,32208.0,27660.0,4548.0,136550.0
433,Etienne Donnet,24,27100.0,23229.0,3871.0,40356.0
434,Radu Albot,36,98161.0,95780.0,2381.0,5481145.0
435,Erik Arutiunian,21,24990.0,21337.0,3653.0,58461.0
436,Roberto Cid Subervi,32,26585.0,25860.0,725.0,311084.0
437,Juan Manuel La Serna,21,26496.0,24355.0,2141.0,55872.0
438,Luciano Emanuel Ambrogi,22,35031.0,29634.0,5397.0,92047.0
439,Oleg Prihodko,28,47026.0,40463.0,6563.0,185363.0
440,Milos Karol,23,54577.0,31682.0,22895.0,123885.0
441,Mae Malige,19,63704.0,62075.0,1629.0,102302.0
442,Buvaysar Gadamauri,25,30697.0,24926.0,5771.0,86600.0
443,Federico Bondioli,20,72878.0,40080.0,32798.0,106640.0
444,Jonas Forejtek,24,33322.0,24559.0,8763.0,215043.0
445,Yusuke Takahashi,28,29940.0,29026.0,914.0,209885.0
446,Max Wiskandt,23,43164.0,40070.0,3094.0,77721.0
447,Olle Wallin,24,32340.0,29400.0,2940.0,49295.0
448,Cyril Vandermeersch,26,24774.0,21452.0,3322.0,51239.0
449,Alexander Binda,24,,,,
450,Lorenzo Joaquin Rodriguez,26,30130.0,24572.0,5558.0,75864.0
451,Bernabe Zapata Miralles,28,42863.0,42073.0,790.0,2598375.0
452,Stefano Napolitano,30,134681.0,131221.0,3460.0,1023237.0
453,Yanki Erel,25,21004.0,20142.0,862.0,125463.0
454,Thanasi Kokkinakis,29,155723.0,143435.0,12288.0,4661450.0
455,Dali Blanch,22,27637.0,23931.0,3706.0,76694.0
456,Gianmarco Ferrari,25,23456.0,21704.0,1752.0,128326.0
457,Svyatoslav Gulin,23,21099.0,18619.0,2480.0,74036.0
458,Giovanni Fonio,27,31264.0,29960.0,1304.0,209237.0
459,Olaf Pieczkowski,21,23374.0,21732.0,1642.0,64058.0
460,Maxim Zhukov,20,26768.0,23826.0,2942.0,51097.0
461,Andrew Fenty,25,35273.0,25143.0,10130.0,62694.0
462,Andrey Chepelev,27,23429.0,21995.0,1434.0,149248.0
463,Marvin Moeller,26,24184.0,23894.0,290.0,156515.0
464,Mateus Alves,24,55584.0,41412.0,14172.0,244659.0
465,Pavel Kotov,27,234446.0,233256.0,1190.0,2100368.0
466,Eduardo Ribeiro,27,33753.0,24950.0,8803.0,133651.0
467,Enrico Dalla Valle,27,40168.0,37011.0,3157.0,205300.0
468,James Story,24,52654.0,45923.0,6731.0,65866.0
469,Ognjen Milic,18,15963.0,15813.0,150.0,16895.0
470,Hiroki Moriya,35,28471.0,27316.0,1155.0,1087651.0
471,Karan Singh,22,36412.0,29910.0,6502.0,77290.0
472,Carlos Lopez Montagud,25,30525.0,27153.0,3372.0,132687.0
473,Takuya Kumasaka,27,22476.0,21351.0,1125.0,57124.0
474,Juan Estevez,20,24147.0,21809.0,2338.0,44319.0
475,Eric Vanshelboim,24,30463.0,24818.0,5645.0,136806.0
476,Jake Delaney,28,34590.0,24341.0,10249.0,111963.0
477,Pedro Vives Marcos,24,21143.0,16922.0,4221.0,67841.0
478,Filippo Moroni,24,21060.0,16986.0,4074.0,37219.0
479,Lukas Pokorny,23,42263.0,24437.0,17826.0,115527.0
480,Filip Peliwo,31,26746.0,24397.0,2349.0,424569.0
481,Laurent Lokoli,31,22670.0,21770.0,900.0,641905.0
482,Nikolay Vylegzhanin,25,25712.0,25025.0,687.0,64337.0
483,Mirza Basic,34,23891.0,18412.0,5479.0,1293675.0
484,Edward Winter,21,44648.0,42564.0,2084.0,178360.0
485,Pietro Fellin,24,21068.0,19365.0,1703.0,30728.0
486,Soonwoo Kwon,28,20878.0,18036.0,2842.0,3107061.0
487,Yan Bai,36,40699.0,40289.0,410.0,476011.0
488,Tsung-Hao Huang,26,45888.0,25783.0,20105.0,113260.0
489,Tadeas Paroulek,25,25834.0,21892.0,3942.0,64356.0
490,Blaise Bicknell,24,23458.0,23264.0,194.0,78756.0
491,Joao Eduardo Schiessl,21,29285.0,24684.0,4601.0,60940.0
492,Eero Vasa,28,33992.0,24786.0,9206.0,88335.0
493,Alexander Weis,28,24643.0,21428.0,3215.0,185212.0
494,Jack Loge,21,21466.0,19948.0,1518.0,39747.0
495,Lui Maxted,22,37166.0,18095.0,19071.0,47059.0
496,Aristotelis Thanos,24,22609.0,22124.0,485.0,60410.0
497,Branko Djuric,20,19383.0,18909.0,474.0,43569.0
498,Alexander Ritschard,31,55258.0,55258.0,0.0,783342.0
499,Bor Artnak,21,19570.0,18643.0,927.0,69311.0
500,Vladyslav Orlov,30,33476.0,21704.0,11772.0,199227.0
501,Jay Friend,22,19223.0,18758.0,465.0,24962.0
502,Maxime Janvier,29,45430.0,41820.0,3610.0,1002756.0
503,Tristan McCormick,26,29318.0,25936.0,3382.0,72825.0
504,Nicolas Arseneault,18,63225.0,50114.0,13111.0,74135.0
505,Sean Cuenin,21,19355.0,18589.0,766.0,73768.0
506,Tibo Colson,25,28015.0,22445.0,5570.0,81645.0
507,Alex Marti Pujolras,26,27047.0,23367.0,3680.0,132536.0
508,Stefan Palosi,25,19584.0,18205.0,1379.0,80337.0
509,Dominik Koepfer,31,100021.0,100021.0,0.0,3641907.0
510,Henry Bernet,18,52254.0,49180.0,3074.0,79567.0
511,Blake Ellis,26,81852.0,65703.0,16149.0,292846.0
512,Andrea Guerrieri,27,19413.0,18635.0,778.0,84777.0
513,Egor Agafonov,23,25864.0,19953.0,5911.0,73873.0
514,Renzo Olivo,33,31323.0,27292.0,4031.0,1461638.0
515,Ryan Nijboer,26,37000.0,34059.0,2941.0,169790.0
516,Gregoire Barrere,31,105529.0,93745.0,11784.0,3090067.0
517,Thomas Faurel,19,19328.0,19136.0,192.0,44288.0
518,Stefan Adrian Andreescu,24,21335.0,18749.0,2586.0,34822.0
519,Matthew Dellavedova,25,53040.0,52943.0,97.0,143771.0
520,Daniel Masur,31,60441.0,47842.0,12599.0,807740.0
521,Philip Sekulic,22,26664.0,26084.0,580.0,246245.0
522,Mukund Sasikumar,28,22031.0,21156.0,875.0,262351.0
523,Dhakshineswar Suresh,25,25955.0,18749.0,7206.0,42867.0
524,Samuele Pieri,23,17844.0,16803.0,1041.0,39170.0
525,Carl Emil Overbeck,24,19507.0,15616.0,3891.0,28509.0
526,Valerio Aboian,23,22210.0,17304.0,4906.0,111157.0
527,Ryuki Matsuda,26,38892.0,24770.0,14122.0,96567.0
528,Sergio Callejon Hernando,21,20239.0,18117.0,2122.0,30192.0
529,Tommaso Compagnucci,26,24593.0,21185.0,3408.0,81921.0
530,Khumoyun Sultanov,27,90899.0,87310.0,3589.0,261822.0
531,Oleksandr Ovcharenko,24,33153.0,24868.0,8285.0,115378.0
532,Alberto Barroso Campos,29,35027.0,21502.0,13525.0,153297.0
533,Bruno Kuzuhara,21,25431.0,22206.0,3225.0,178410.0
534,Tristan Lamasine,32,19965.0,17344.0,2621.0,640110.0
535,Leo Borg,22,37509.0,35103.0,2406.0,161812.0
536,Dennis Novak,32,23673.0,21382.0,2291.0,2032356.0
537,Masamichi Imamura,27,44136.0,30902.0,13234.0,103522.0
538,Sebastian Gima,23,27095.0,24886.0,2209.0,91129.0
539,Cannon Kingsley,24,27298.0,24702.0,2596.0,118751.0
540,Peter Fajta,23,15030.0,14653.0,377.0,68463.0
541,Georgii Kravchenko,25,20596.0,16667.0,3929.0,100636.0
542,Fares Zakaria,24,21511.0,18833.0,2678.0,47173.0
543,Stefan Popovic,22,22610.0,17993.0,4617.0,72024.0
544,Yuki Mochizuki,28,22724.0,19244.0,3480.0,107144.0
545,Maximilian Neuchrist,34,31919.0,25343.0,6576.0,407237.0
546,Ivan Marrero Curbelo,27,25553.0,16731.0,8822.0,62264.0
547,Gabriele Pennaforti,25,22962.0,22738.0,224.0,67564.0
548,Kokoro Isomura,22,37204.0,25822.0,11382.0,82269.0
549,Emil Ruusuvuori,26,165924.0,146318.0,19606.0,4336285.0
550,Aleksandre Bakshi,28,24632.0,19530.0,5102.0,133622.0
551,Nino Ehrenschneider,24,16465.0,15667.0,798.0,26778.0
552,Ergi Kirkin,26,32792.0,29338.0,3454.0,217528.0
553,Johan Nikles,28,21070.0,17495.0,3575.0,173199.0
554,Lucas Pouille,31,108661.0,106962.0,1699.0,8834022.0
555,Govind Nanda,24,39464.0,34543.0,4921.0,204087.0
556,Elmar Ejupovic,32,18574.0,18574.0,0.0,175807.0
557,Karue Sell,32,38258.0,38258.0,0.0,111857.0
558,Dominik Palan,25,18164.0,15962.0,2202.0,127409.0
559,Maxwell Mckennon,23,22206.0,19483.0,2723.0,37464.0
560,Woobin Shin,21,23032.0,20415.0,2617.0,57911.0
561,Amr Elsayed,26,19383.0,16339.0,3044.0,65582.0
562,Max Hans Rehberg,22,57527.0,34148.0,23379.0,196739.0
563,Justin Boulais,24,57406.0,41614.0,15792.0,107481.0
564,Tomasz Berkieta,19,20588.0,17863.0,2725.0,33010.0
565,Pavle Marinkov,19,44867.0,41412.0,3455.0,80310.0
566,Igor Gimenez,25,21000.0,19264.0,1736.0,62485.0
567,Sebastian Sorger,20,20029.0,19457.0,572.0,50982.0
568,Dominik Kellovsky,29,26228.0,18311.0,7917.0,113895.0
569,Dusan Obradovic,24,18450.0,15622.0,2828.0,55056.0
570,Paulo Andre Saraiva Dos Santos,25,32734.0,21160.0,11574.0,74066.0
571,Kirill Kivattsev,28,21905.0,19503.0,2402.0,116307.0
572,Arda Azkara,22,15072.0,12594.0,2478.0,24233.0
573,Oleksii Krutykh,25,16522.0,14971.0,1551.0,325582.0
574,Filippo Romano,20,48654.0,17803.0,30851.0,76480.0
575,Taha Baadi,24,32616.0,28022.0,4594.0,73849.0
576,Radu Mihai Papoe,23,14906.0,13399.0,1507.0,47563.0
577,Anton Matusevich,24,18987.0,17248.0,1739.0,178811.0
578,Robin Catry,23,19933.0,16804.0,3129.0,32623.0
579,Arthur Nagel,22,19228.0,14697.0,4531.0,30858.0
580,Maxime Chazal,32,24865.0,20978.0,3887.0,246111.0
581,Alvin Nicholas Tudorica,23,40577.0,37351.0,3226.0,54533.0
582,Michal Krajci,20,18775.0,15687.0,3088.0,26513.0
583,Juan Sebastian Gomez,33,16089.0,13577.0,2512.0,147513.0
584,Filip Jeff Planinsek,24,16684.0,15596.0,1088.0,29434.0
585,Manuel Mazza,26,16530.0,14848.0,1682.0,41511.0
586,Michael Vrbensky,26,61962.0,27910.0,34052.0,262786.0
587,Petr Nesterov,22,23034.0,17938.0,5096.0,82989.0
588,Manas Dhamne,18,28606.0,27539.0,1067.0,43373.0
589,Stefan Dostanic,24,132447.0,131132.0,1315.0,171660.0
590,Enzo Couacaud,30,49160.0,43924.0,5236.0,1370273.0
591,Cem Ilkel,30,12559.0,12152.0,407.0,757289.0
592,Dan Alexandru Tomescu,26,14405.0,12525.0,1880.0,87898.0
593,Jozef Kovalik,33,157948.0,157660.0,288.0,2249255.0
594,Adhithya Ganesan,20,23596.0,21330.0,2266.0,46466.0
595,Miguel Tobon,19,27137.0,23040.0,4097.0,31432.0
596,Constantin Bittoun Kouzmine,26,23824.0,17090.0,6734.0,120919.0
597,Lucas Gerch,31,19426.0,14308.0,5118.0,143135.0
598,Digvijaypratap Singh,25,15445.0,14068.0,1377.0,44434.0
599,Joaquin Aguilar Cardozo,20,23266.0,16562.0,6704.0,39483.0
600,Tai Sach,23,22074.0,16547.0,5527.0,37044.0
601,Millen Hurrion,26,15408.0,14374.0,1034.0,43699.0
602,Matthew William Donald,21,19325.0,15598.0,3727.0,45125.0
603,Karl Poling,26,28021.0,20651.0,7370.0,45990.0
604,Emilien Demanet,20,16355.0,13223.0,3132.0,32374.0
605,Adrian Oetzbach,28,19012.0,16279.0,2733.0,69412.0
606,Shunsuke Mitsui,23,15412.0,11510.0,3902.0,37766.0
607,Nick Hardt,25,40597.0,40242.0,355.0,393008.0
608,Koki Matsuda,25,16582.0,12545.0,4037.0,34038.0
609,Andres Santamarta Roig,18,19275.0,16581.0,2694.0,21221.0
610,Juan Carlos Aguilar,27,50491.0,41956.0,8535.0,112526.0
611,Lucio Ratti,21,18886.0,15046.0,3840.0,29738.0
612,Carlos Maria Zarate,20,17945.0,15883.0,2062.0,19685.0
613,Loann Massard,20,22112.0,18687.0,3425.0,46080.0
614,Louis Wessels,27,18858.0,15904.0,2954.0,246429.0
615,Luis Carlos Alvarez,21,24959.0,23361.0,1598.0,43925.0
616,Max Schoenhaus,18,29209.0,20502.0,8707.0,35077.0
617,Alan Fernando Rubio Fierros,26,18359.0,15646.0,2713.0,60721.0
618,Aidan Mayo,22,42363.0,41203.0,1160.0,208147.0
619,Maxence Beauge,25,22361.0,16539.0,5822.0,84259.0
620,Gerard Campana Lee,21,24729.0,23261.0,1468.0,87766.0
621,Nicholas David Ionel,23,19743.0,17613.0,2130.0,270154.0
622,Yassine Dlimi,22,12515.0,11673.0,842.0,30311.0
623,Damien Wenger,25,16025.0,12650.0,3375.0,134774.0
624,Mees Rottgering,18,42992.0,42614.0,378.0,51827.0
625,Mario Gonzalez Fernandez,23,19084.0,17240.0,1844.0,57304.0
626,Yurii Dzhavakian,32,23721.0,20209.0,3512.0,91715.0
627,Mikael Ymer,27,34830.0,34830.0,0.0,2804336.0
628,Jakub Nicod,21,15977.0,13795.0,2182.0,66524.0
629,Shintaro Imai,32,14702.0,13318.0,1384.0,168384.0
630,Lorenzo Sciahbasi,20,18161.0,15031.0,3130.0,28440.0
631,Yuta Kawahashi,27,11685.0,9530.0,2155.0,40040.0
632,S D Prajwal Dev,29,30678.0,18282.0,12396.0,100103.0
633,Kenta Miyoshi,21,18228.0,16351.0,1877.0,35157.0
634,Alec Deckers,25,12669.0,12669.0,0.0,49800.0
635,Toby Kodat,22,18541.0,18164.0,377.0,136178.0
636,Ryan Fishback,23,17311.0,13583.0,3728.0,27516.0
637,Christian Sigsgaard,28,14320.0,12489.0,1831.0,45859.0
638,Johan Alexander Rodriguez,22,13096.0,11702.0,1394.0,46468.0
639,Daniel Siniakov,22,18411.0,11757.0,6654.0,45969.0
640,Juan Cruz Martin Manzano,21,14884.0,11873.0,3011.0,20921.0
641,Ye Cong Mo,25,18801.0,15930.0,2871.0,79572.0
642,Kuan-Yi Lee,29,15202.0,13832.0,1370.0,81234.0
643,Andrew Paulson,24,41218.0,20920.0,20298.0,177965.0
644,Mate Valkusz,27,10413.0,10090.0,323.0,303599.0
645,Reda Bennani,18,10401.0,10293.0,108.0,29985.0
646,Yusuke Kusuhara,28,20868.0,12746.0,8122.0,31369.0
647,Rigele Te,28,41389.0,31367.0,10022.0,234440.0
648,Santiago De La Fuente,23,21675.0,14177.0,7498.0,43088.0
649,Igor Kudriashov,22,14488.0,11762.0,2726.0,27517.0
650,Denis Klok,27,12982.0,12067.0,915.0,95723.0
651,Massimo Giunta,21,16290.0,13465.0,2825.0,37527.0
652,Karol Filar,27,11075.0,10406.0,669.0,15515.0
653,Facundo Juarez,28,16114.0,14548.0,1566.0,116700.0
654,Arthur Reymond,26,38643.0,17227.0,21416.0,131837.0
655,Chase Ferguson,26,16206.0,12879.0,3327.0,27589.0
656,Axel Garcian,23,20557.0,13262.0,7295.0,57801.0
657,Aziz Ouakaa,26,27656.0,18151.0,9505.0,117562.0
658,Kyle Kang,20,12338.0,10928.0,1410.0,36708.0
659,Aidan Kim,21,14185.0,13389.0,796.0,35516.0
660,Alafia Ayeni,26,27705.0,18668.0,9037.0,117257.0
661,Tim Handel,29,21868.0,17093.0,4775.0,95370.0
662,Duncan Chan,20,14434.0,12558.0,1876.0,16629.0
663,Jacopo Vasami,18,32935.0,26145.0,6790.0,33451.0
664,Iliyan Radulov,20,11775.0,11625.0,150.0,35465.0
665,Stijn Slump,26,13190.0,13190.0,0.0,36588.0
666,Imanol Lopez Morillo,26,14739.0,12673.0,2066.0,94955.0
667,Giuseppe La Vela,25,12965.0,11554.0,1411.0,37080.0
668,Luca Castagnola,23,16685.0,15366.0,1319.0,49994.0
669,Quinn Vandecasteele,23,20182.0,17187.0,2995.0,66300.0
670,Giovanni Oradini,28,23898.0,16631.0,7267.0,129292.0
671,Nick Kyrgios,30,167233.0,148315.0,18918.0,12802482.0
672,Dragos Nicolae Madaras,28,,,,
673,Michael Agwi,22,12098.0,12002.0,96.0,43024.0
674,Jan Kumstat,18,15464.0,13085.0,2379.0,19262.0
675,Radu David Turcanu,19,12753.0,10456.0,2297.0,14579.0
676,Daniel Antonio Nunez,24,16734.0,13720.0,3014.0,53421.0
677,Pawit Sornlaksup,26,12845.0,10845.0,2000.0,22014.0
678,Alexander Donski,27,46314.0,14475.0,31839.0,182890.0
679,Francesco Forti,26,24549.0,18423.0,6126.0,178588.0
680,Matisse Bobichon,23,12387.0,11208.0,1179.0,14700.0
681,Felix Corwin,29,19798.0,16582.0,3216.0,106677.0
682,Alejo Sanchez Quilez,20,13332.0,12923.0,409.0,44718.0
683,Alejandro Manzanera Pertusa,22,13694.0,11022.0,2672.0,51655.0
684,Pierre Delage,24,14846.0,13466.0,1380.0,46562.0
685,Ryan Dickerson,28,17815.0,13160.0,4655.0,27350.0
686,Abel Forger,20,15824.0,12083.0,3741.0,23727.0
687,Pedro Cachin,30,18131.0,17389.0,742.0,2121419.0
688,Joshua Sheehy,28,27407.0,12750.0,14657.0,74176.0
689,Braden Shick,22,15159.0,12055.0,3104.0,21365.0
690,Blu Baker,24,10784.0,8953.0,1831.0,33166.0
691,Yuta Kikuchi,26,16542.0,13038.0,3504.0,35330.0
692,Rodrigo Alujas,23,19693.0,17176.0,2517.0,27274.0
693,Pedro Araujo,23,38359.0,29233.0,9126.0,118116.0
694,Sergi Perez Contri,27,17217.0,15379.0,1838.0,89912.0
695,Sidharth Rawat,32,15219.0,14056.0,1163.0,118298.0
696,Strong Kirchheimer,30,23475.0,20296.0,3179.0,144048.0
697,Nicolas Moreno De Alboran,28,81356.0,80776.0,580.0,823329.0
698,Cooper Williams,20,31833.0,8868.0,22965.0,50974.0
699,Pierluigi Basile,18,31951.0,29297.0,2654.0,37004.0
700,Tuncay Duran,21,11539.0,9101.0,2438.0,25827.0
701,Tianhui Zhang,19,16894.0,14954.0,1940.0,24842.0
702,Marcel Zielinski,25,11120.0,10441.0,679.0,28933.0
703,Niels Visker,24,23471.0,14501.0,8970.0,65544.0
704,Kyle Edmund,30,10783.0,10783.0,0.0,6073157.0
705,Pablo Martinez Gomez,19,,,,
706,James Watt,25,52301.0,14095.0,38206.0,68864.0
707,Peter Bertran,29,16001.0,12982.0,3019.0,84206.0
708,Naoki Nakagawa,29,22542.0,20113.0,2429.0,146059.0
709,Sora Fukuda,28,11054.0,9749.0,1305.0,77365.0
710,Semen Pankin,26,13935.0,9372.0,4563.0,18827.0
711,Gabriel Ghetu,18,14432.0,11217.0,3215.0,18285.0
712,Ali Yazdani,22,12010.0,9997.0,2013.0,15561.0
713,Federico Iannaccone,26,19973.0,16364.0,3609.0,95586.0
714,Kenny De Schepper,38,19179.0,16246.0,2933.0,1723494.0
715,Guillaume Dalmasso,23,13662.0,12564.0,1098.0,23098.0
716,Kaylan Bigun,19,18322.0,18322.0,0.0,53916.0
717,Uisung Park,25,24250.0,12540.0,11710.0,62705.0
718,Jose Pereira,34,18341.0,14665.0,3676.0,237001.0
719,Felix Balshaw,19,13181.0,10418.0,2763.0,17375.0
720,Diego Augusto Barreto Sanchez,23,15899.0,12446.0,3453.0,67049.0
721,Michiel De Krom,27,18543.0,15919.0,2624.0,88036.0
722,Leo Vithoontien,26,19966.0,13137.0,6829.0,41197.0
723,Pedro Rodrigues,19,,,,
724,Joris De Loore,32,12494.0,11951.0,543.0,601666.0
725,Matthew Summers,27,13882.0,11108.0,2774.0,28578.0
726,Michael Bassem Sobhy,21,14728.0,11604.0,3124.0,33428.0
727,Maik Steiner,31,15613.0,13622.0,1991.0,48049.0
728,Manuel Guinard,30,449291.0,24151.0,425140.0,1182847.0
729,Conner Huertas del Pino,30,17354.0,9465.0,7889.0,115172.0
730,JiSung Nam,32,30878.0,11242.0,19636.0,353560.0
731,Ignacio Monzon,27,14180.0,11215.0,2965.0,110771.0
732,Kai Wehnelt,30,21048.0,12431.0,8617.0,150134.0
733,Yanaki Milev,21,17160.0,13745.0,3415.0,69854.0
734,Fausto Tabacco,23,16931.0,13473.0,3458.0,64137.0
735,Cruz Hewitt,17,36262.0,33279.0,2983.0,39068.0
736,John Echeverria,24,16050.0,12571.0,3479.0,73623.0
737,Daniil Ostapenkov,22,20202.0,11722.0,8480.0,40204.0
738,Dinko Dinev,21,13339.0,11417.0,1922.0,22163.0
739,Maximilian Marterer,30,135922.0,135922.0,0.0,3180475.0
740,Micah Braswell,24,11092.0,11092.0,0.0,38050.0
741,Theo Papamalamis,19,18965.0,17919.0,1046.0,55778.0
742,Luca Staeheli,25,,,,
743,Alex Knaff,28,,,,
744,Alessandro Pecci,24,14160.0,12774.0,1386.0,44605.0
745,Tomas Farjat,24,14206.0,10401.0,3805.0,85993.0
746,Josip Simundza,21,10551.0,9482.0,1069.0,22496.0
747,Matteo Covato,20,17158.0,13292.0,3866.0,21242.0
748,Maxence Bertimon,26,13129.0,10934.0,2195.0,29773.0
749,Amaury Raynel,23,14546.0,12393.0,2153.0,49363.0
750,Dimitris Sakellaridis,19,26375.0,14897.0,11478.0,50882.0
751,Cesar Bouchelaghem,21,,,,
752,Timofei Derepasko,18,,,,
753,Tiago Torres,23,16440.0,12129.0,4311.0,22952.0
754,Samuel Alejandro Linde Palacios,18,14619.0,12909.0,1710.0,16363.0
755,Samuel Heredia,19,16195.0,13625.0,2570.0,21157.0
756,Taisei Ichikawa,25,24151.0,14608.0,9543.0,77026.0
757,Tomas Curras Abasolo,25,17934.0,14648.0,3286.0,35271.0
758,Evan Zhu,27,22676.0,21268.0,1408.0,160055.0
759,Mika Petkovic,19,21872.0,19956.0,1916.0,23771.0
760,Alexis Gautier,28,,,,
761,Trey Hilderbrand,25,64898.0,12534.0,52364.0,102794.0
762,Mwendwa Mbithi,27,13129.0,9678.0,3451.0,39251.0
763,Adrien Gobat,24,10379.0,10217.0,162.0,34133.0
764,Yanis Ghazouani Durand,25,17512.0,11972.0,5540.0,33488.0
765,Nicolas Tepmahc,24,10744.0,9811.0,933.0,40565.0
766,Joshua Charlton,26,25392.0,11833.0,13559.0,48159.0
767,Mitsuki Wei Kang Leong,21,17160.0,14092.0,3068.0,47140.0
768,Kris Van Wyk,29,20739.0,13331.0,7408.0,109721.0
769,Leo Raquillet,20,13420.0,13420.0,0.0,23118.0
770,Luca Preda,19,20320.0,16537.0,3783.0,23433.0
771,Shinji Hazawa,26,20506.0,13440.0,7066.0,73582.0
772,Naoya Honda,19,15607.0,13333.0,2274.0,21424.0
773,John Sperle,23,15722.0,11745.0,3977.0,42415.0
774,Jack Anthrop,22,,,,
775,Victor Lilov,21,11233.0,10401.0,832.0,53939.0
776,Francisco Rocha,26,26407.0,17241.0,9166.0,58880.0
777,Matt Kuhar,29,12688.0,11490.0,1198.0,25958.0
778,Aleksandr Braynin,26,15916.0,11219.0,4697.0,57502.0
779,Leonardo Rossi,23,14393.0,12341.0,2052.0,43594.0
780,Lucas Andrade Da Silva,20,,,,
781,Roger Pascual Ferra,19,,,,
782,Egor Gerasimov,33,12683.0,10853.0,1830.0,2098968.0
783,Matyas Fuele,27,,,,
784,Attila Boros,22,,,,
785,Alec Beckley,24,13663.0,10017.0,3646.0,59591.0
786,M Rifki Fitriadi,26,10579.0,7657.0,2922.0,36328.0
787,Martin Van Der Meerschen,25,13861.0,9637.0,4224.0,26492.0
788,Colin Sinclair,31,22555.0,12543.0,10012.0,149934.0
789,Menelaos Efstathiou,26,13366.0,9060.0,4306.0,35550.0
790,Oscar Jose Gutierrez,32,15376.0,12309.0,3067.0,166588.0
791,Samir Hamza Reguig,23,14845.0,11889.0,2956.0,45572.0
792,Wishaya Trongcharoenchaikul,30,19847.0,15358.0,4489.0,134012.0
793,Fryderyk Lechno-Wasiutynski,20,,,,
794,Ilya Ivashka,31,11897.0,11721.0,176.0,3383420.0
795,Gustavo Ribeiro De Almeida,19,12206.0,9732.0,2474.0,22721.0
796,Benoit Paire,36,26283.0,24928.0,1355.0,10541203.0
797,Mikalai Haliak,27,13352.0,10037.0,3315.0,116185.0
798,Alan Magadan,24,30421.0,23906.0,6515.0,39429.0
799,Bautista Vilicich,24,11753.0,9704.0,2049.0,32506.0
800,Linang Xiao,25,23224.0,20729.0,2495.0,75710.0
801,Duckhee Lee,27,12020.0,9754.0,2266.0,456087.0
802,William Grant,24,13296.0,12660.0,636.0,36176.0
803,Artur Kukasian,21,11678.0,9504.0,2174.0,20642.0
804,J.J. Wolf,27,10453.0,10453.0,0.0,2482288.0
805,Oscar Weightman,24,,,,
806,Albert Pedrico Kravtsov,20,,,,
807,Karim Bennani,18,,,,
808,Pedro Rodenas,21,,,,
809,Evgeny Karlovskiy,31,14005.0,13077.0,928.0,423147.0
810,Oliver Bonding,18,44040.0,42400.0,1640.0,45542.0
811,Aleksandr Lobanov,24,,,,
812,Lucas Bouquet,28,13516.0,9957.0,3559.0,65426.0
813,Emile Hudd,25,14849.0,9618.0,5231.0,49297.0
814,Alejandro Juan Mano,20,,,,
815,Toufik Sahtali,26,11314.0,8611.0,2703.0,15631.0
816,Wilson Leite,34,16774.0,14388.0,2386.0,214584.0
817,Jacob Brumm,27,12458.0,12296.0,162.0,46033.0
818,Nikita Bilozertsev,17,,,,
819,Bruno Fernandez,21,11459.0,9495.0,1964.0,19634.0
820,Ajeet Rai,26,23168.0,14235.0,8933.0,127410.0
821,Keisuke Saitoh,24,17148.0,13280.0,3868.0,59927.0
822,Maximilian Homberg,22,13344.0,8799.0,4545.0,21251.0
823,Thanapet Chanta,26,12884.0,10827.0,2057.0,40238.0
824,Lorenzo Rottoli,23,11636.0,9472.0,2164.0,73514.0
825,Taiyo Yamanaka,24,11220.0,8578.0,2642.0,37401.0
826,Iannis Miletich,20,12075.0,10248.0,1827.0,20442.0
827,Kosuke Ogura,29,18472.0,13647.0,4825.0,57926.0
828,Jacob Bradshaw,23,11763.0,11763.0,0.0,48333.0
829,Petros Tsitsipas,25,75339.0,11307.0,64032.0,496393.0
830,Amir Omarkhanov,18,24993.0,19796.0,5197.0,36806.0
831,Michel Hopp,27,,,,
832,Vincent Marysko,19,,,,
833,Benjamin Torrealba,20,13908.0,11319.0,2589.0,19910.0
834,Niccolo Catini,28,13269.0,9140.0,4129.0,45695.0
835,Martin Klizan,36,13223.0,13062.0,161.0,5575281.0
836,Gian Luca Tanner,24,,,,
837,Kristijan Juhas,24,,,,
838,Alejandro Turriziani Alvarez,22,10470.0,8489.0,1981.0,23610.0
839,Maximo Zeitune,19,12019.0,9026.0,2993.0,14808.0
840,Marlon Vankan,25,13021.0,8692.0,4329.0,55228.0
841,Evgenii Tiurnev,28,,,,
842,Julio Cesar Porras,27,10711.0,9051.0,1660.0,35875.0
843,Jorge Plans,23,,,,
844,Rafael Izquierdo Luque,25,17508.0,9196.0,8312.0,31072.0
845,Mert Naci Turker,27,12139.0,7786.0,4353.0,54273.0
846,Thiago Cigarran,25,15358.0,11087.0,4271.0,39707.0
847,Noah Schachter,26,23301.0,12461.0,10840.0,64027.0
848,Ben Jones,27,26922.0,12169.0,14753.0,95168.0
849,Marko Maksimovic,19,16035.0,9625.0,6410.0,25194.0
850,Dong Ju Kim,23,,,,
851,Patrick Schoen,20,,,,
854,Marc Van Der Merwe,31,,,,
855,Xiaofei Wang,22,,,,
856,Ryotaro Taguchi,25,15628.0,10565.0,5063.0,40894.0
857,Izan Almazan Valiente,19,11368.0,8315.0,3053.0,12713.0
858,Ignacio Parisca Romera,20,11077.0,9329.0,1748.0,19110.0
859,Niklas Schell,26,15955.0,10021.0,5934.0,83600.0
860,Alexandre Aubriot,26,13376.0,10015.0,3361.0,44007.0
861,Pierre Yves Bailly,22,,,,
862,Ryan Seggerman,26,182025.0,23305.0,158720.0,298463.0
863,Luca Wiedenmann,27,,,,
864,Shunsuke Nakagawa,25,15739.0,7039.0,8700.0,25613.0
865,Isaiah Strode,28,10753.0,9825.0,928.0,47770.0
866,Charlie Robertson,19,12974.0,10255.0,2719.0,14869.0
867,Jeffrey Von Der Schulenburg,23,10828.0,7861.0,2967.0,27294.0
868,Giorgio Tabacco,22,11532.0,8039.0,3493.0,47347.0
869,Lautaro Agustin Falabella,27,14628.0,8969.0,5659.0,41163.0
870,Jakub Filip,20,,,,
871,Amit Vales,20,,,,
872,Nikita Mashtakov,26,13602.0,8618.0,4984.0,52588.0
873,Dragos Nicolae Cazacu,21,13689.0,8908.0,4781.0,33158.0
876,Moise Kouame,16,54736.0,44167.0,10569.0,57455.0
877,Scott Jones,27,,,,
878,Kalin Ivanovski,21,12161.0,11817.0,344.0,68187.0
879,Nikola Slavic,25,16251.0,9569.0,6682.0,21632.0
880,Matyas Cerny,24,11869.0,9090.0,2779.0,28030.0
881,Daisuke Sumizawa,26,,,,
882,Joao Victor Couto Loureiro,22,10920.0,7511.0,3409.0,38182.0
883,Andrea Fiorentini,24,,,,
884,Diego Schwartzman,33,13640.0,13640.0,0.0,14399360.0
885,Nicolas Ian Kotzen,22,,,,
886,Arklon Huertas Del Pino Cordova,31,21439.0,9620.0,11819.0,119969.0
887,Aoran Wang,28,34632.0,16390.0,18242.0,151860.0
888,Tiago Cacao,27,,,,
889,Enzo Wallart,28,10894.0,7137.0,3757.0,44907.0
890,Jumpei Yamasaki,28,,,,
891,Dev Javia,23,13542.0,9115.0,4427.0,35521.0
892,Orlando Luz,27,172841.0,7700.0,165141.0,537171.0
893,Ilya Snitari,23,,,,
894,Andreja Petrovic,25,,,,
895,Ivan Nedelko,39,,,,
896,Fernando Cavallo,20,,,,
897,Miles Jones,25,,,,
898,Tomas Serrano Luis,23,12796.0,10537.0,2259.0,18154.0
899,Anas Mazdrashki,19,,,,
900,Alexander Klintcharov,29,13676.0,12460.0,1216.0,38953.0
901,Daniel De Jonge,26,11628.0,7633.0,3995.0,32380.0
902,Ezekiel Clark,27,11064.0,8825.0,2239.0,97996.0
903,Seydina Andre,22,10724.0,8942.0,1782.0,31054.0
904,Nicolas Jadoun,23,,,,
905,Jesse Delaney,27,20307.0,10831.0,9476.0,57428.0
906,Anton Shepp,23,,,,
909,Enzo Kohlmann De Freitas,19,,,,
910,Kasra Rahmani,19,,,,
911,Marcus Walters,27,,,,
912,Carles Hernandez,24,,,,
913,Finn Murgett,24,14314.0,8119.0,6195.0,19735.0
914,Nitin Kumar Sinha,26,21875.0,10324.0,11551.0,70583.0
915,Grigoriy Lomakin,27,18237.0,11372.0,6865.0,129438.0
916,Matthew Forbes,19,,,,
917,Paul Inchauspe,21,,,,
918,Theodore Dean,23,,,,
919,Calvin Mueller,25,,,,
920,Pavel Lagutin,20,,,,
921,Lorenzo Bocchi,28,,,,
922,Yaojie Zeng,23,13890.0,8584.0,5306.0,26147.0
923,Salvador Price,20,,,,
924,Adan Freire Da Silva,26,12365.0,8389.0,3976.0,29470.0
925,Evan Bynoe,26,,,,
926,Romain Faucon,23,10674.0,7314.0,3360.0,26642.0
927,Kristjan Tamm,27,13642.0,8213.0,5429.0,61762.0
928,Pietro Marino,24,,,,
929,Zoran Ludoski,20,,,,
930,Gianluca Mager,31,33304.0,33304.0,0.0,1672781.0
931,Aleksa Ciric,25,,,,
932,Rudy Quan,19,19219.0,18539.0,680.0,28634.0
933,Filip Pieczonka,21,35757.0,8945.0,26812.0,52754.0
934,Pablo Masjuan Ginel,23,,,,
935,Stijn Paardekooper,22,,,,
936,Marc Majdandzic,20,,,,
937,Juan Sebastian Osorio,28,,,,
938,Benjamin Pietri,29,,,,
939,Yaroslav Demin,20,,,,
940,Chirag Duhan,21,13310.0,8364.0,4946.0,26683.0
941,Gijs Brouwer,29,84418.0,84418.0,0.0,870407.0
942,Steven Diez,34,,,,
943,Yun seong Chung,27,,,,
944,Ivan Ivanov,17,16986.0,16542.0,444.0,20162.0
945,Qian Sun,24,10903.0,7131.0,3772.0,27326.0
946,Brian Bozemoj,22,,,,
947,Finn Bass,26,17753.0,9461.0,8292.0,50592.0
948,John Hallquist Lithen,24,,,,
949,Axel Nefve,25,11275.0,8114.0,3161.0,33138.0
950,Diego Fernandez Flores,25,12494.0,9324.0,3170.0,61436.0
951,Giannicola Misasi,25,,,,
952,Michael Zhu,33,11372.0,8595.0,2777.0,70045.0
953,David Pichler,29,54444.0,7218.0,47226.0,242514.0
954,Johannes Ingildsen,28,34698.0,5235.0,29463.0,96470.0
955,Georgi Georgiev,19,13720.0,13192.0,528.0,15195.0
956,Luca Pow,20,10521.0,6078.0,4443.0,53249.0
957,Ozan Baris,21,,,,
958,Matt Hulme,26,17682.0,6963.0,10719.0,39819.0
959,Jea Moon Lee,32,,,,
960,Manish Sureshkumar,26,,,,
961,Pietro Romeo Scomparin,24,,,,
962,Adrian Andreev,24,42176.0,41058.0,1118.0,476991.0
963,Thantub Suksumrarn,24,,,,
964,Karlis Ozolins,23,,,,
965,Bekkhan Atlangeriev,24,,,,
966,Marcello Serafini,23,,,,
967,Ewen Lumsden,25,10472.0,7326.0,3146.0,29078.0
968,Nicolas Zanellato,23,,,,
969,Tomas Martinez,22,10542.0,8397.0,2145.0,12430.0
970,Justin Schlageter,24,,,,
971,Lucas Marionneau,19,,,,
972,Jeremy Gschwendtner,27,,,,
973,Mihai Razvan Marinescu,24,,,,
974,Nicolas Barrientos,38,139938.0,3660.0,136278.0,840360.0
975,Dante Pagani,17,,,,
976,Taym Al Azmeh,21,,,,
977,Spencer Johnson,22,,,,
978,Jack Kennedy,17,32516.0,31860.0,656.0,58036.0
979,Mateo Barreiros Reyes,25,11219.0,6052.0,5167.0,41684.0
980,Ryo Tabata,17,,,,
981,Alejo Lorenzo Lingua Lavallen,24,,,,
982,Leonardo Aboian,27,11672.0,6256.0,5416.0,93103.0
983,Samuel Vincent Ruggeri,23,11076.0,9609.0,1467.0,148584.0
984,Maxim Shin,22,,,,
985,Peter Buldorini,21,,,,
986,Younes Lalami,24,19684.0,12882.0,6802.0,44785.0
987,Thomas Braithwaite,26,,,,
988,Lorenzo Lorusso,25,11992.0,6365.0,5627.0,25545.0
989,Lorenzo Angelini,19,,,,
990,Nicolas Villalon,21,12884.0,10112.0,2772.0,28036.0
991,Gabriel Debru,20,,,,
992,Ryan Colby,22,,,,
993,Ziga Sesko,17,,,,
994,Kuang Qing Xu,19,,,,
995,Andrew Delgado,20,,,,
996,Suk Hyun Choo,24,,,,
997,Dominique Rolland,21,,,,
998,William Rejchtman Vinciguerra,18,13690.0,13485.0,205.0,18294.0
999,Dominik Recek,30,11302.0,5074.0,6228.0,33213.0
1000,Blake Mott,29,,,,
1001,Pepijn Bastiaansen,20,,,,
1002,Louis Dussin,26,,,,
1003,Kiranpal Pannu,28,12927.0,10520.0,2407.0,83299.0
1004,Patrick Brady,21,,,,
1005,Zach Stephens,19,,,,
1006,Jesse Flores,30,11605.0,6810.0,4795.0,45653.0
1007,Tymur Bieldiugin,20,,,,
1008,Gabriele Bosio,25,,,,
1009,Mikael Arseneault,18,11624.0,7776.0,3848.0,14524.0
1010,Daniel Salazar,24,,,,
1011,Fermin Tenti,28,,,,
1012,Sam Ryan Ziegann,27,,,,
1013,Ruslan Tiukaev,20,,,,
1014,Vignesh Gogineni,22,,,,
1015,Nicolas Oliveira,19,,,,
1016,Alex Kuperstein,27,,,,
1017,Alexey Zakharov,25,,,,
1018,Keegan Rice,19,,,,
1019,Lorenzo Gagliardo,25,,,,
1020,Markus Malaszszak,21,,,,
1021,Benjamin Winter Lopez,27,14307.0,5623.0,8684.0,86092.0
1022,Isaac Becroft,25,12718.0,11783.0,935.0,29728.0
1023,Simeon Stankovic,19,,,,
1024,Lucca Helguera Casado,20,,,,
1025,Rares Teodor Pieleanu,18,,,,
1026,Ezequiel Monferrer,22,,,,
1027,Hayden Jones,19,33981.0,30742.0,3239.0,66781.0
1028,Nicolas Ifi,27,,,,
1029,Alexander Vasilev,18,,,,
1030,Oscar Otte,32,,,,
1031,Simon Reveniau,27,,,,
1032,Gilbert Klier Junior,25,,,,
1033,Christopher Li,22,,,,
1034,Kacper Szymkowiak,21,,,,
1035,Gergely Madarasz,31,,,,
1036,David Poljak,29,26886.0,7908.0,18978.0,169093.0
1037,Louis Larue,21,,,,
1038,Rafael De Alba,23,15884.0,12860.0,3024.0,17678.0
1039,Koray Kirci,27,,,,
1040,Pieter De Lange,19,,,,
1041,Yannik Kelm,20,,,,
1042,Pengyu Lu,23,,,,
1043,Benjamin Thomas George,23,11271.0,7590.0,3681.0,20568.0
1044,Stefano D'Agostino,22,,,,
1045,Karim Ibrahim,22,,,,
1046,Daniele Rapagnetta,19,,,,
1047,Nicolas Bruna,26,13194.0,9283.0,3911.0,39181.0
1048,Pavlos Tsitsipas,20,25806.0,13491.0,12315.0,35118.0
1049,Dylan Dietrich,21,,,,
1050,Jangjun Kim,19,,,,
1051,Savriyan Danilov,25,,,,
1052,Bastian Malla,29,,,,
1053,Kriish Tyagi,18,,,,
1054,Marko Miladinovic,25,,,,
1058,Grigory Shebekin,20,,,,
1059,Chanyeong Oh,27,,,,
1060,Karl Friberg,26,,,,
1061,Joao Vitor Scramin Do Lago,19,,,,
1062,Natan Rodrigues,23,,,,
1063,Siddharth Vishwakarma,31,,,,
1064,Sebastian Fanselow,33,,,,
1065,Ishaque Eqbal,27,,,,
1066,Chen Dong,23,,,,
1067,Franco Ribero,26,15572.0,8222.0,7350.0,39329.0
1068,Nathan Ponwith,27,,,,
1069,Tomohiro Masabayashi,27,12121.0,7671.0,4450.0,42074.0
1070,Matias Ponce De Leon Gomila,22,,,,
1071,Antoine Cornut-Chauvinc,25,,,,
1072,Gavin Young,23,,,,
1073,Jason Jung,36,16510.0,8455.0,8055.0,1169436.0
1074,Noah Zamora,22,,,,
1075,Enzo Aguiard,23,,,,
1076,Vlado Jankanj,19,,,,
1077,Sebastian Dominko,22,,,,
1078,Alexander Kotzen,25,,,,
1079,Julian Cundom,24,,,,
1080,Alberto Bronzetti,27,,,,
1081,Maxwell Exsted,18,30188.0,4406.0,25782.0,31817.0
1082,Federico Aguilar Cardozo,20,,,,
1083,Ali Habib,23,,,,
1084,Nicolas Parizzia,27,10991.0,5836.0,5155.0,37388.0
1085,Noel Larwig,24,,,,
1086,Mika Lipp,22,,,,
1087,Enzo Camargo Lima,22,,,,
1088,Piet Luis Pinter,20,,,,
1089,Nikola Basic,24,,,,
1090,Evgeny Philippov,23,,,,
1091,Gabriele Maria Noce,30,,,,
1092,Jacopo Bilardo,21,11190.0,6637.0,4553.0,31696.0
1093,Matthias Ujvary,21,,,,
1094,Daniil Sarksian,19,,,,
1095,Zhe Li,39,,,,
1096,Devin Badenhorst,21,,,,
1097,Benito Sanchez Martinez,23,,,,
1098,Jamie Mackenzie,17,,,,
1099,Niels McDonald,17,,,,
1100,Adam Jilly,19,,,,
