Rank,Player,YTD,Singles,Doubles,Career
1,"Sinner, Jannik",16946149,16914035,32114,33989584
2,"Alcaraz, Carlos",9850338,9850338,0,36876485
3,"Zverev, Alexander",8995103,8839406,155697,47543924
4,"Fritz, Taylor",7006195,6915586,90609,21087553
5,"Medvedev, Daniil",5615756,5573010,42746,43764163
6,"Ruud, Casper",5065307,5010351,54956,21591822
7,"Djokovic, Novak",4421915,4421915,0,185065269
8,"Rublev, Andrey",4130816,4067753,63063,25686167
9,"de Minaur, Alex",4080046,4041718,38328,15303985
10,"Tsitsipas, Stefanos",3528424,3392603,135821,32149165
11,"Dimitrov, Grigor",3186056,3169105,16951,28321326
12,"Paul, Tommy",2940923,2912091,28832,9581908
13,"Thompson, Jordan",2893246,1683840,1209406,8001701
14,"Humbert, Ugo",2817088,2767446,49642,7878075
15,"Draper, Jack",2745025,2707707,37318,4567996
16,"Hurkacz, Hubert",2729808,2701708,28100,16363930
17,"Tiafoe, Frances",2729135,2699718,29417,12937941
18,"Musetti, Lorenzo",2715979,2646694,69285,7625733
19,"Rune, Holger",2707145,2673232,33913,10660499
20,"Khachanov, Karen",2519587,2413465,106122,17730963
21,"Shelton, Ben",2403182,2222233,180949,5199849
22,"Popyrin, Alexei",2336806,2301802,35004,6292837
23,"Fils, Arthur",2259048,2174206,84842,3605603
24,"Korda, Sebastian",2185286,1902107,283179,6589213
25,"Machac, Tomas",2018074,1800531,217543,3066841
26,"Cerundolo, Francisco",1818980,1686753,132227,5671619
27,"Jarry, Nicolas",1806343,1721544,84799,6188132
28,"Auger-Aliassime, Felix",1780879,1753111,27768,13718990
29,"Tabilo, Alejandro",1768245,1648299,119946,3081845
30,"Purcell, Max",1763725,773141,990584,4609305
31,"Griekspoor, Tallon",1763220,1570029,193191,4962032
32,"Baez, Sebastian",1760418,1683092,77326,4354356
33,"Bublik, Alexander",1714205,1527508,186697,7609448
34,"Zhang, Zhizhen",1669281,1448941,220340,3421597
35,"Arnaldi, Matteo",1620156,1599342,20814,2838841
36,"Cobolli, Flavio",1616189,1544117,72072,2372403
37,"Etcheverry, Tomas Martin",1584681,1452743,131938,3820960
38,"Lehecka, Jiri",1554981,1527318,27663,4197842
39,"Borges, Nuno",1453053,1375761,77292,2594542
40,"Mpetshi Perricard, Giovanni",1443482,1397441,46041,1698874
41,"Nakashima, Brandon",1419129,1391107,28022,4589254
42,"Mannarino, Adrian",1415012,1308732,106280,13003294
43,"Struff, Jan-Lennard",1408984,1309920,99064,10854229
44,"Kecmanovic, Miomir",1354634,1306225,48409,6561552
45,"Michelsen, Alex",1331687,1192328,139359,1779517
46,"Marozsan, Fabian",1321800,1270317,51483,2037496
47,"Monfils, Gael",1305034,1305034,0,23030757
48T,"Arevalo, Marcelo",1280727,0,1280727,3615508
48T,"Pavic, Mate",1280727,0,1280727,6756064
50,"Norrie, Cameron",1271422,1263998,7424,11403431
51,"Davidovich Fokina, Alejandro",1239151,1217056,22095,6952885
52,"Sonego, Lorenzo",1228897,1169347,59550,6860606
53,"Shapovalov, Denis",1168029,1138879,29150,12220256
54,"Vavassori, Andrea",1159343,199530,959813,2281776
55,"Giron, Marcos",1157536,1111370,46166,4866378
56,"Mektic, Nikola",1141950,0,1141950,5653191
57,"Mensik, Jakub",1136947,1136947,0,1403394
58,"Koolhof, Wesley",1136805,2180,1134625,5209208
59,"Safiullin, Roman",1136261,1049432,86829,3194829
60,"Bautista Agut, Roberto",1135555,1131745,3810,18783027
61,"Darderi, Luciano",1116217,1027095,89122,1406368
62T,"Granollers, Marcel",1106295,0,1106295,14369171
62T,"Zeballos, Horacio",1106295,0,1106295,8697936
64,"Krawietz, Kevin",1103850,0,1103850,3924792
65,"Puetz, Tim",1095320,2208,1093112,3046339
66,"Shang, Juncheng",1084459,1083923,536,1592645
67,"Navone, Mariano",1067355,1005889,61466,1271757
68,"Martinez, Pedro",1066017,960850,105167,4294992
69,"Carballes Baena, Roberto",1052652,981230,71422,5292000
70,"Rinderknech, Arthur",1046034,1002430,43604,3642150
71,"Shevchenko, Alexander",1009443,963622,45821,1922569
72,"Heliovaara, Harri",987175,0,987175,2239927
73,"van de Zandschulp, Botic",984484,905495,78989,4767094
74,"Goffin, David",978344,973915,4429,17985621
75,"Muller, Alexandre",977989,912510,65479,2242637
76,"Patten, Henry",975034,0,975034,1147619
77,"Munar, Jaume",961009,904013,56996,4690860
78,"Bolelli, Simone",954601,0,954601,7240939
79,"Seyboth Wild, Thiago",949358,875066,74292,1883548
80,"Ofner, Sebastian",948435,878443,69992,2707238
81,"Kotov, Pavel",938244,897558,40686,1859028
82,"Vukic, Aleksandar",931455,890517,40938,2316281
83,"O'Connell, Christopher",928942,913238,15704,3067605
84,"Hijikata, Rinky",928505,806579,121926,2352272
85,"Berrettini, Matteo",917656,917656,0,12464502
86,"Bopanna, Rohan",885251,0,885251,7162837
87,"Ebden, Matthew",880731,0,880731,6498384
88,"Lajovic, Dusan",879168,850185,28983,9680509
89,"Cazaux, Arthur",870129,870129,0,1362480
90,"Coric, Borna",870059,870059,0,12557332
91,"Kokkinakis, Thanasi",858760,815852,42908,4423058
92,"Nishioka, Yoshihito",841844,823181,18663,6510260
93,"Koepfer, Dominik",837755,714815,122940,3531381
94,"Altmaier, Daniel",835558,813689,21869,3263189
95,"Hanfmann, Yannick",820856,704099,116757,3187303
96,"Eubanks, Christopher",812340,732872,79468,3433241
97,"Bergs, Zizou",791539,773790,17749,1473644
98,"Daniel, Taro",770133,767225,2908,4519969
99,"Evans, Daniel",750910,724212,26698,8644631
100,"Kovacevic, Aleksandar",739160,739160,0,1342902
101,"Ruusuvuori, Emil",724388,703219,21169,4048347
102,"Gaston, Hugo",720283,703597,16686,2782533
103,"Diaz Acosta, Facundo",720136,710179,9957,1192981
104,"McDonald, Mackenzie",708276,542653,165623,6056234
105,"Fognini, Fabio",700940,698100,2840,18831523
106,"Moutet, Corentin",698154,698154,0,3974754
107,"Wawrinka, Stan",691561,683581,7980,37250116
108,"Fucsovics, Marton",688304,670589,17715,7176394
109,"Nagal, Sumit",682354,668440,13914,1413907
110,"Djere, Laslo",646312,634279,12033,5880529
111,"Halys, Quentin",643678,616179,27499,3268670
112,"Van Assche, Luca",637916,634733,3183,1647672
113,"Walton, Adam",633227,599313,33914,756912
114,"Coria, Federico",624154,585355,38799,3086828
115,"Venus, Michael",617423,0,617423,4731316
116,"Monteiro, Thiago",600528,561875,38653,3911869
117,"Nardi, Luca",592338,589328,3010,1268337
118,"Diallo, Gabriel",590509,587565,2944,871644
119,"Marterer, Maximilian",589665,586935,2730,3040212
120,"Skupski, Neal",570339,0,570339,4313823
121,"Comesana, Francisco",569396,566517,2879,787263
122,"Galan, Daniel Elahi",568486,563463,5023,2888030
123,"Duckworth, James",564256,543657,20599,4054178
124,"Nishikori, Kei",547894,543994,3900,25650007
125,"Bu, Yunchaokete",541835,528475,13360,691710
126,"Molteni, Andres",540135,0,540135,2576498
127,"Gasquet, Richard",533369,533369,0,21214390
128,"Lestienne, Constant",522002,508882,13120,2079276
129T,"Lammons, Nathaniel",515165,0,515165,1410695
129T,"Withrow, Jackson",515165,0,515165,1541232
131,"Virtanen, Otto",502425,501164,1261,876096
132,"Gonzalez, Maximo",499813,0,499813,4188828
133,"Bellucci, Mattia",499037,495055,3982,813820
134,"Dodig, Ivan",483067,0,483067,10377811
135,"Medjedovic, Hamad",468617,468177,440,1398476
136,"Kwon, Soonwoo",467567,441949,25618,3064876
137,"Carreno Busta, Pablo",466318,427008,39310,15716219
138,"Cachin, Pedro",465678,434615,31063,2084778
139,"Glasspool, Lloyd",463566,0,463566,1643844
140,"de Jong, Jesper",463458,459584,3874,910209
141,"Murray, Jamie",460366,0,460366,6893534
142,"Pavlasek, Adam",459118,0,459118,1306518
143,"Nys, Hugo",458702,6912,451790,1930386
144,"Murray, Andy",441514,404186,37328,64687542
145,"Zielinski, Jan",430695,0,430695,1437697
146,"Ram, Rajeev",428670,0,428670,9751451
147T,"Gille, Sander",427332,0,427332,1667344
147T,"Vliegen, Joran",427332,0,427332,1669374
149,"Grenier, Hugo",415525,412174,3351,1254745
150,"Atmane, Terence",411817,411817,0,619842
151,"Pouille, Lucas",410439,383886,26553,8690118
152,"Mayot, Harold",407916,396102,11814,835915
153,"Krajicek, Austin",404993,0,404993,3815438
154,"Salisbury, Joe",403443,0,403443,5540687
155,"Roger-Vasselin, Edouard",402603,0,402603,8270957
156,"Klein, Lukas",389019,377898,11121,831233
157,"Harris, Billy",387154,369016,18138,606017
158,"Bonzi, Benjamin",382713,373440,9273,2925497
159,"Karatsev, Aslan",381813,362389,19424,5246165
160,"Peers, John",372536,0,372536,5878658
161,"Barrere, Gregoire",371496,343890,27606,2956661
162,"Behar, Ariel",370395,0,370395,1230614
163,"Mochizuki, Shintaro",368856,366787,2069,786440
164,"Gonzalez, Santiago",368434,0,368434,4263385
165,"Moreno De Alboran, Nicolas",366489,357696,8793,741973
166,"Svajda, Zachary",362526,356107,6419,855261
167,"Cilic, Marin",361759,347667,14092,31569141
168,"Melo, Marcelo",355363,0,355363,8398167
169,"Meligeni Alves, Felipe",354723,343593,11130,1174243
170,"Ugo Carabelli, Camilo",352879,334614,18265,819750
171,"Garin, Cristian",350213,349684,529,5965842
172,"Rojer, Jean-Julien",348856,0,348856,7309885
173,"Doumbia, Sadio",344303,0,344303,925655
174,"Tirante, Thiago Agustin",341549,335991,5558,858502
175,"Ramos-Vinolas, Albert",340793,340793,0,10948826
176,"Kopriva, Vit",340671,336386,4285,844999
177,"Kovalik, Jozef",333494,318936,14558,2091306
178,"Zeppieri, Giulio",332920,332920,0,944605
179,"Reboul, Fabien",332055,0,332055,884434
180,"Wolf, J.J.",326642,326642,0,2417228
181,"Kukushkin, Mikhail",326420,325443,977,7244866
182,"Albot, Radu",324547,318249,6298,5347189
183,"Stricker, Dominic",310008,264522,45486,1662157
184,"Galloway, Robert",309608,0,309608,701192
185,"Herbert, Pierre-Hugues",307984,296037,11947,9537783
186,"Nadal, Rafael",305379,301661,3718,134946100
187,"Schoolkate, Tristan",304508,269561,34947,520742
188,"Cash, Julian",304022,0,304022,530814
189,"Erler, Alexander",299132,1844,297288,870997
190,"Dzumhur, Damir",295017,292448,2569,5170863
191,"Matos, Rafael",292387,0,292387,946055
192,"Choinski, Jan",291057,290019,1038,747658
193,"Nava, Emilio",286000,241977,44023,931274
194,"Burruchaga, Roman Andres",282912,278834,4078,411775
195,"Fearnley, Jacob",281762,269205,12557,312627
196,"Thiem, Dominic",275392,270952,4440,30333255
197,"Krueger, Mitchell",271255,252373,18882,1496536
198,"Kypson, Patrick",271236,269077,2159,540532
199,"Harris, Lloyd",268271,265184,3087,4069356
200,"Schwartzman, Diego",263718,261218,2500,14179005
201,"Fonseca, Joao",260372,253093,7279,292146
202,"Vacherot, Valentin",258826,251280,7546,385422
203,"Passaro, Francesco",258282,246883,11399,787371
204,"Miedler, Lucas",257729,3416,254313,1024580
205,"Zapata Miralles, Bernabe",256635,245503,11132,2486159
206,"Ajdukovic, Duje",251741,249572,2169,490381
207,"Cressy, Maxime",250019,249479,540,2863880
208,"Squire, Henri",246405,246136,269,367341
209,"Tu, Li",243930,235848,8082,568525
210,"Raonic, Milos",243119,243119,0,20753024
211,"Skatov, Timofey",242920,237580,5340,782623
212,"Napolitano, Stefano",242645,239183,3462,851485
213,"Trungelliti, Marco",242162,241257,905,1822198
214,"Opelka, Reilly",236175,236175,0,4462345
215,"Zhukayev, Beibit",232556,225998,6558,395794
216,"Shelbayh, Abdullah",232304,203305,28999,569005
217,"Rodionov, Jurij",232238,222121,10117,1233044
218,"Hassan, Benjamin",229446,199827,29619,412248
219,"Barrientos, Nicolas",227545,0,227545,700421
220,"Bolt, Alex",225359,205964,19395,1768295
221,"Varillas, Juan Pablo",225310,221525,3785,1629996
222,"Bhambri, Yuki",221422,0,221422,1460851
223,"Olivetti, Albano",220267,430,219837,945546
224,"Dellien, Hugo",219049,214194,4855,2328199
225,"Wong, Coleman",218639,213539,5100,273597
226,"Ritschard, Alexander",218099,215985,2114,683520
227,"Heide, Gustavo",216519,212730,3789,321195
228,"Jubb, Paul",215055,215055,0,530207
229,"Polmans, Marc",214076,197218,16858,1754807
230,"Huesler, Marc-Andrea",212401,185031,27370,1780481
231,"Barrios Vera, Tomas",210335,187836,22499,985863
232,"Haase, Robin",209275,3994,205281,8433035
233,"Bagnis, Facundo",206916,203626,3290,3063839
234,"Yevseyev, Denis",204062,197898,6164,509346
235,"Gigante, Matteo",203804,202279,1525,418773
236,"Ymer, Elias",199065,199065,0,2022614
237,"Moro Canas, Alejandro",194792,191424,3368,294109
238,"Jebens, Hendrik",193888,3076,190812,297796
239,"Smith, John-Patrick",193809,0,193809,1869397
240,"Frantzen, Constantin",190812,0,190812,275300
241,"Jacquet, Kyrian",189521,189081,440,358321
242,"Tien, Learner",189319,188800,519,382234
243,"Prizmic, Dino",188648,188648,0,297703
244,"Droguet, Titouan",187944,172611,15333,453184
245,"Riedi, Leandro",187230,181903,5327,494930
246,"Hong, Seongchan",185595,183045,2550,422134
247,"Shimabukuro, Sho",185556,182896,2660,526751
248,"Escoffier, Antoine",182719,171098,11621,569716
249,"Misolic, Filip",181053,180077,976,586338
250,"Boyer, Tristan",178525,138807,39718,251141
251,"Molleker, Rudolf",176025,171230,4795,709145
252,"Kym, Jerome",174411,156714,17697,230408
253,"Broady, Liam",173757,159675,14082,2056905
254,"Uchiyama, Yasutaka",173165,169994,3171,1620468
255,"Kasnikowski, Maks",172394,170194,2200,229380
256,"Mies, Andreas",171494,0,171494,2221441
257,"Tseng, Chun-Hsin",170358,167085,3273,1011472
258,"Nedovyesov, Aleksandr",170331,0,170331,1574574
259,"Hsu, Yu Hsiou",169135,159350,9785,631056
260,"Janvier, Maxime",165957,158601,7356,923980
261,"Escobar, Gonzalo",165590,0,165590,1006265
262,"Watanuki, Yosuke",165230,164445,785,1088892
263,"Blanchet, Ugo",164612,158969,5643,294454
264,"Roca Batalla, Oriol",164313,148014,16299,545087
265,"Gomez, Federico Agustin",161236,137312,23924,214336
266,"McCabe, James",160636,147163,13473,291236
267,"Spizzirri, Eliot",159550,154020,5530,286319
268,"Reyes-Varela, Miguel",159353,0,159353,764257
269,"Jasika, Omar",159303,157188,2115,502967
270,"Guinard, Manuel",158350,71183,87167,703123
271,"Pellegrino, Andrea",157352,133266,24086,733599
272,"Brouwer, Gijs",156595,150847,5748,785988
273,"Rocha, Henrique",156073,145274,10799,225203
274,"Faria, Jaime",154653,145016,9637,211992
275,"Cerundolo, Juan Manuel",154367,152815,1552,1027526
276,"Mansouri, Skander",153706,7998,145708,375910
277,"Broom, Charles",153182,125684,27498,288595
278,"Kudla, Denis",152794,149704,3090,4646419
279,"Vesely, Jiri",152534,151025,1509,6105681
280,"Lajal, Mark",151344,148462,2882,256587
281,"Verbeek, Sem",149963,0,149963,308412
282,"Andreozzi, Guido",149487,16667,132820,1627617
283,"Quinn, Ethan",149378,141535,7843,357628
284,"Sweeny, Dane",149158,132145,17013,457045
285,"Paire, Benoit",148042,144336,3706,10454491
286,"Majchrzak, Kamil",146492,145003,1489,2096298
287,"Rincon, Daniel",143170,120342,22828,289204
288,"Piros, Zsombor",142070,141596,474,587822
289,"Dougaz, Aziz",141786,137487,4299,402848
290,"Landaluce, Martin",140951,140951,0,216952
291,"De Loore, Joris",138944,138139,805,558739
292,"Mahut, Nicolas",138556,0,138556,12821987
293,"Martineau, Matteo",137999,128703,9296,338330
294,"Dellien, Murkel",135058,122960,12098,230323
295,"Cabral, Francisco",134542,0,134542,464664
296,"Zhou, Yi",134055,103393,30662,192224
297,"Hardt, Nick",132500,129685,2815,330672
298,"Royer, Valentin",129952,128395,1557,215901
299,"Couacaud, Enzo",128856,124425,4431,1290679
300,"Crawford, Oliver",128808,113816,14992,264463
301,"Svrcina, Dalibor",125737,121339,4398,554972
302,"Balaji, N.Sriram",125677,0,125677,506260
303,"Kachmazov, Alibek",125293,121314,3979,268360
304,"Hemery, Calvin",124844,118792,6052,664868
305,"Middelkoop, Matwe",123745,0,123745,2188627
306,"Damm, Martin",122061,118558,3503,300319
307,"King, Evan",121942,1230,120712,644308
308,"Basavareddy, Nishesh",121460,119085,2375,137277
309,"Arends, Sander",120969,0,120969,522341
310,"Holt, Brandon",120890,119315,1575,593015
311,"Fery, Arthur",119216,99736,19480,333574
312,"Goransson, Andre",118252,0,118252,561433
313,"Tsitsipas, Petros",116489,466,116023,421053
314,"Gaubas, Vilius",116028,115598,430,151231
315,"Mmoh, Michael",115959,114154,1805,2188586
316,"Maestrelli, Francesco",115320,107808,7512,353307
317,"Searle, Henry",114411,103686,10725,120093
318,"Hidalgo, Diego",114390,0,114390,353606
319,"Weissborn, Sam",112769,0,112769,548754
320,"Arneodo, Romain",111958,0,111958,717784
321,"Kubler, Jason",111295,92130,19165,2460088
322,"Travaglia, Stefano",111083,106859,4224,2433121
323,"Galarneau, Alexis",110530,101827,8703,366123
324,"Johnson, Luke",109121,0,109121,242944
325,"Martin, Fabrice",107541,0,107541,2469325
326,"Rodriguez Taverna, Santiago",107192,94022,13170,457256
327,"Stalder, Reese",106166,1020,105146,227744
328,"Blockx, Alexander",102542,100481,2061,140850
329,"Sachko, Vitaliy",102015,89034,12981,402959
330,"Forbes, Matthew",101320,101284,36,101320
331,"Ficovich, Juan Pablo",100821,95082,5739,572240
332,"Popko, Dmitry",99824,92516,7308,706130
333,"Shimizu, Yuta",99550,84181,15369,306748
334,"Luz, Orlando",97878,25110,72768,362349
335,"Jacq, Gregoire",97216,332,96884,238977
336,"Arribage, Theo",97051,403,96648,178562
337,"Barranco Cosano, Javier",95640,89201,6439,305266
338,"Seggerman, Ryan",95041,25991,69050,116437
339,"Llamas Ruiz, Pablo",94602,93856,746,270333
340,"Collignon, Raphael",93610,90235,3375,200253
341,"Blancaneaux, Geoffrey",92080,75160,16920,803617
342,"Collarini, Andrea",90947,83145,7802,795177
343,"Cornea, Victor",89856,0,89856,268238
344,"Romboli, Fernando",88507,1730,86777,462684
345,"Wu, Tung-Lin",88496,84336,4160,551967
346,"Marie, Jules",88490,87413,1077,243657
347,"Clarke, Jay",87392,68641,18751,891585
348,"Neumayer, Lukas",87106,84247,2859,204677
349,"Molcan, Alex",86943,86943,0,2178339
350,"Fatic, Nerman",86377,84250,2127,308410
351,"Molchanov, Denys",85811,0,85811,895527
352,"Sun, Fajing",85099,58528,26571,293728
353,"Valkusz, Mate",85006,85006,0,271447
354,"Wu, Yibing",84595,84595,0,1186130
355,"Marchenko, Illya",84051,81025,3026,2486101
356,"Ramanathan, Ramkumar",81754,54921,26833,1284801
357,"Nouza, Petr",81490,920,80570,190560
358,"Tabur, Clement",81184,78463,2721,224461
359,"Andreev, Adrian",80675,78404,2271,400768
360,"Daniell, Marcus",79960,0,79960,1173187
361,"Rodriguez, Cristian",79386,0,79386,327792
362,"Sekulic, Philip",79356,79081,275,212363
363,"Agamenone, Franco",78835,73552,5283,569836
364,"Blumberg, William",78447,0,78447,298101
365,"Oliveira, Gonzalo",77379,70143,7236,538768
366,"Stevens, Bart",77212,0,77212,262896
367,"Mayo, Aidan",76473,75998,475,163823
368,"Prashanth, Vijay Sundar",75394,0,75394,252746
369T,"Masur, Daniel",74492,52254,22238,744898
369T,"Peniston, Ryan",74492,70819,3673,686160
371,"Kicker, Nicolas",73851,72316,1535,1158300
372,"Gakhov, Ivan",73233,71872,1361,434445
373,"Guillen Meza, Alvaro",72930,68206,4724,119488
374,"Soto, Matias",72804,43806,28998,124400
375,"Olivieri, Genaro Alberto",72229,66662,5567,493471
376,"Bollipalli, Rithvik Choudary",72148,0,72148,95749
377,"Draxl, Liam",71649,46509,25140,162835
378,"Mejia, Nicolas",71163,63298,7865,242774
379,"Kadhe, Arjun",70433,1005,69428,251558
380,"Trotter, James",70405,53821,16584,109024
381,"Coppejans, Kimmer",69802,69802,0,1188426
382,"Schwaerzler, Joel",69733,62691,7042,80480
383,"Gojo, Borna",69643,69643,0,1176323
384,"Taberner, Carlos",69175,66232,2943,1145142
385,"Eysseric, Jonathan",68003,1970,66033,803947
386,"Holmgren, August",67071,60027,7044,125103
387,"Trhac, Patrik",66231,0,66231,76603
388,"Jianu, Filip Cristian",65458,60622,4836,199680
389,"Onclin, Gauthier",65438,65438,0,255744
390,"Vincent Ruggeri, Samuel",64533,59571,4962,136257
391,"Pacheco Mendez, Rodrigo",64461,58926,5535,126351
392,"Tomic, Bernard",64220,63030,1190,6406025
393,"Ellis, Blake",63843,31932,31911,210263
394,"Moller, Elmer",63715,62875,840,93762
395,"Basilashvili, Nikoloz",63183,63183,0,8808626
396,"Geerts, Michael",63023,49994,13029,340066
397,"Vallejo, Adolfo Daniel",62689,58936,3753,97181
398,"Gerasimov, Egor",62121,59420,2701,2086283
399,"Winter, Edward",61738,40713,21025,132721
400,"Schnaitter, Jakob",61659,742,60917,91765
401,"Rehberg, Max Hans",61393,61393,0,139211
402,"Wallner, Mark",61319,402,60917,74717
403,"Bai, Yan",60976,59326,1650,435312
404,"Novak, Dennis",60848,59828,1020,1978248
405,"Cecchinato, Marco",60475,59136,1339,5020119
406,"Zormann, Marcelo",60420,2010,58410,165248
407,"Alves, Mateus",60414,44896,15518,186978
408,"Buse, Ignacio",59827,56652,3175,91573
409,"Arnaboldi, Federico",59666,57733,1933,130417
410,"Chidekh, Clement",59389,53369,6020,113148
411,"Nedunchezhiyan, Jeevan",58300,0,58300,501559
412,"Harrison, Christian",57985,325,57660,723830
413,"Chandrasekar, Anirudh",57242,412,56830,137679
414,"Sanchez Izquierdo, Nikolas",57179,52016,5163,213374
415,"Te, Rigele",56868,35063,21805,192840
416,"Mena, Facundo",56763,47455,9308,544302
417,"Andrade, Andres",56733,44561,12172,88556
418,"Pospisil, Vasek",56015,47045,8970,7201749
419,"Bueno, Gonzalo",55980,51166,4814,101580
420,"Dodig, Matej",55958,52921,3037,73905
421,"Kuzmanov, Dimitar",55908,55908,0,811704
422,"Kolar, Zdenek",55886,49467,6419,1038628
423,"Saville, Luke",55532,19947,35585,1404114
424,"Martos Gornes, Sergio",55438,0,55438,221419
425,"Mager, Gianluca",54909,54634,275,1638670
426,"Dalla Valle, Enrico",54836,51533,3303,165132
427,"Pinnington Jones, Jack",54065,42848,11217,98535
428,"Added, Dan",53928,21808,32120,318937
429,"Gaio, Federico",53717,51843,1874,1106735
430,"Lock, Benjamin",53565,31405,22160,285596
431,"Jorda Sanchis, David",53099,48444,4655,139907
432,"Blanch, Darwin",53017,52927,90,57821
433,"Demoliner, Marcelo",52936,0,52936,1355302
434,"van Rijthoven, Tim",52762,52762,0,789723
435,"Bertola, Remy",52565,40522,12043,146930
436,"Tracy, JJ",52302,3196,49106,67725
437,"Rikl, Patrik",52290,325,51965,118895
438,"Matuszewski, Piotr",50968,0,50968,121423
439,"Noguchi, Rio",50892,43857,7035,313081
440,"Brancaccio, Raul",50660,48336,2324,458453
441,"Martinez, Luis David",50563,0,50563,338801
442,"Olivo, Renzo",50528,39085,11443,1421775
443,"Pucinelli De Almeida, Matheus",50059,45166,4893,276696
444,"Bertrand, Robin",50034,44723,5311,111872
445,"Debru, Gabriel",49997,41692,8305,138651
446,"Wang, Aoran",49996,13547,36449,116796
447,"Martin Tiffon, Pol",49970,49150,820,155363
448,"Cui, Jie",49859,39979,9880,140661
449T,"Kirkov, Vasil",49451,0,49451,149630
449T,"Willis, Marcus",49451,0,49451,289880
451,"Giannessi, Alessandro",49277,45469,3808,1466504
452,"Romios, Matthew Christopher",49023,2050,46973,128199
453,"Escobedo, Ernesto",48495,48225,270,1585011
454,"Kuzuhara, Bruno",48320,45300,3020,152979
455,"Millman, John",47310,29595,17715,5519421
456,"Uchida, Kaichi",47292,31788,15504,562074
457,"Bonadio, Riccardo",47170,46992,178,502185
458,"Cash, Robert",46681,0,46681,55109
459,"Pel, David",46624,0,46624,335098
460,"Sakamoto, Pedro",46423,38118,8305,236151
461,"Cuevas, Pablo",45971,45971,0,9742624
462,"Vatutin, Alexey",45910,40920,4990,629148
463,"Elias, Gastao",45843,45397,446,1509609
464,"Sultanov, Khumoyun",45268,41163,4105,166877
465,"Ursu, Vadym",44368,39996,4372,102207
466,"Poljicak, Mili",43907,40055,3852,109747
467,"Fonio, Giovanni",43776,41520,2256,177972
468,"Dutra da Silva, Daniel",43358,31854,11504,363896
469,"Lokoli, Laurent",43334,42453,881,619233
470,"Paul, Jakub",43287,23573,19714,158942
471,"Van Wyk, Kris",42945,37518,5427,86452
472,"Vrbensky, Michael",42644,31451,11193,200823
473,"Kirkin, Ergi",42512,37600,4912,184004
474,"Habib, Hady",42503,35957,6546,134304
475,"Gill, Felix",42451,42451,0,145706
476,"Krajinovic, Filip",42415,42415,0,6181367
477,"Kaliyanda Poonacha, Niki",42223,7099,35124,119324
478,"Loffhagen, George",41571,41571,0,174005
479,"Drzewiecki, Karol",41365,1268,40097,167887
480,"Butvilas, Edas",41208,39053,2155,62132
481,"Cretu, Cezar",41188,31488,9700,111089
482,"Fanselow, Sebastian",40803,38110,2693,223042
483,"Picchione, Andrea",40641,36623,4018,91175
484,"Torres, Juan Bautista",39825,37210,2615,146773
485,"Niklas-Salminen, Patrik",39529,0,39529,168055
486,"Giustino, Lorenzo",38992,38289,703,934936
487,"Topo, Marko",38982,36347,2635,127521
488,"Sell, Karue",38836,38051,785,73598
489,"Weis, Alexander",38828,33496,5332,160567
490,"Fancutt, Thomas",38807,9491,29316,165209
491,"Kwiatkowski, Thai-Son",38775,34039,4736,542695
492,"Kopp, Sandro",38648,33575,5073,110821
493,"Reis Da Silva, Joao Lucas",38608,31663,6945,170360
494,"Engel, Justin",38506,37054,1452,42445
495,"Bortolotti, Marco",38422,0,38422,261674
496,"Lamasine, Tristan",38327,31428,6899,620144
497,"Sanchez Jover, Carlos",38296,32488,5808,131542
498,"Zeballos, Federico",38129,1150,36979,243230
499,"Nam, JiSung",38070,10076,27994,321997
500,"Kodat, Toby",38022,34381,3641,115740
501,"Brown, Dustin",38003,0,38003,3129783
502,"Edmund, Kyle",37903,27083,10820,6058544
503,"Sels, Jelle",37729,33610,4119,335057
504,"Campana Lee, Gerard",37614,37239,375,62411
505,"Arias, Boris",37519,540,36979,145927
506,"Diez, Steven",37227,36978,249,1053869
507,"Matusevich, Anton",36964,35020,1944,158573
508,"Mikrut, Luka",36698,33491,3207,62870
509,"Berrettini, Jacopo",36555,36189,366,164245
510,"Villanueva, Gonzalo",36545,25755,10790,213010
511,"Roncadelli, Franco",36525,26858,9667,78706
512,"Denolly, Corentin",36250,28247,8003,237600
513,"Naw, Hazem",36101,33626,2475,70263
514,"Klizan, Martin",35505,35071,434,5560072
515,"Nijboer, Ryan",35406,24998,10408,131101
516,"Den Ouden, Guy",35321,35046,275,84707
517,"Ferreira Silva, Frederico",34994,33165,1829,735816
518,"Karol, Milos",34947,19917,15030,67529
519,"Oradini, Giovanni",34797,27677,7120,105393
520,"Cacic, Nikola",34666,0,34666,1046150
521,"Berankis, Ricardas",34445,32665,1780,4844023
522,"Ionel, Nicholas David",34172,33104,1068,248663
523,"Erhard, Mathys",34147,33253,894,113866
524,"Imamura, Masamichi",33946,26269,7677,58311
525,"Sasikumar, Mukund",33881,33695,186,240319
526,"Parker, Stuart",33449,32050,1399,148553
527,"Gea, Arthur",33440,29681,3759,72927
528,"Sakellaridis, Stefanos",33329,30371,2958,140300
529,"Merida, Daniel",32903,32029,874,80254
530,"Prado Angelo, Juan Carlos",32860,31844,1016,51609
531,"Gengel, Marek",32851,28847,4004,206371
532,"Oberleitner, Neil",32833,22251,10582,115128
533,"Bigun, Kaylan",32700,32700,0,35594
534,"Negritu, Christoph",32496,17526,14970,126729
535,"Sanchez, Luca",32227,0,32227,100562
536,"Alvarez Varona, Nicolas",32173,30415,1758,143673
537,"Zheng, Michael",32146,31221,925,81357
538,"Simakin, Ilia",32005,24059,7946,52742
539,"Pichler, David",31916,12579,19337,186011
540,"Borg, Leo",31884,27649,4235,123873
541,"Ho, Ray",31865,7696,24169,96332
542,"Chazal, Maxime",31864,28966,2898,220987
543,"Durasovic, Viktor",31826,25813,6013,291393
544,"Begemann, Andre",31771,0,31771,936619
545,"Zakharov, Alexey",31477,31002,475,85791
546,"Uesugi, Kaito",31447,4443,27004,111377
547,"Nicod, Jakub",31437,28004,3433,50546
548,"Bergevi, Filip",31209,0,31209,124753
549,"Marti Pujolras, Alex",31125,28282,2843,104238
550,"Moriya, Hiroki",31048,28798,2250,1058380
551,"Dellavedova, Matthew",30943,30511,432,85123
552,"Ovcharenko, Oleksandr",30914,25978,4936,80181
553,"Pereira, Tiago",30895,17930,12965,54017
554,"Pannu, Kiranpal",30784,28331,2453,69686
555,"Aboian, Valerio",30619,22239,8380,88537
556,"Boitan, Gabi Adrian",30592,27316,3276,70883
557,"Marinkov, Pavle",29753,29068,685,34583
558,"Brunold, Mika",29700,28782,918,64871
559,"Samrej, Kasidit",29651,27214,2437,58939
560,"Houkes, Max",29592,27627,1965,108220
561,"Kozlov, Stefan",29460,28360,1100,1026233
562,"Veldheer, Mick",29422,0,29422,113753
563,"Rodesch, Chris",29262,26655,2607,49683
564,"Sharipov, Marat",29212,25051,4161,69391
565,"Cukierman, Daniel",29168,12830,16338,136740
566,"Coulibaly, Eliakim",29100,28115,985,77459
567,"Gueymard Wayenburg, Sascha",28903,22328,6575,140578
568,"Forejtek, Jonas",28880,24549,4331,181720
569,"Cadenasso, Gianluca",28440,19990,8450,32158
570,"Xiao, Linang",28172,26406,1766,52486
571,"Delaney, Jake",28097,18778,9319,74909
572,"Bourgue, Mathias",28000,26033,1967,868846
573,"Johnson, Steve",27905,18585,9320,8082688
574,"Ambrogi, Luciano Emanuel",27871,24303,3568,55705
575,"Matsui, Toshihide",27744,816,26928,411068
576,"Statham, Rubin",27651,6803,20848,421623
577,"Paris, Joshua",27598,0,27598,79915
578,"Kestelboim, Mariano",27504,15034,12470,153167
579,"Jones, Hayden",27486,26101,1385,31160
580,"Hach Verdugo, Hans",27304,210,27094,323171
581,"Liutarevich, Ivan",27131,1136,25995,118576
582,"McHugh, Aidan",26944,21587,5357,209133
583,"Vale, Duarte",26927,21121,5806,82478
584,"Pavlovic, Luka",26880,24863,2017,60720
585,"Bernet, Henry",26792,15103,11689,27312
586,"Cassone, Murphy",26760,26580,180,62095
587,"Araujo, Pedro",26677,21004,5673,75267
588,"Vega Hernandez, David",26576,0,26576,647634
589,"Casanova, Hernan",26572,21685,4887,288283
590,"Michalski, Daniel",26199,25289,910,183285
591,"Karlovskiy, Evgeny",26139,20319,5820,409141
592,"Bellier, Antoine",25930,20035,5895,367351
593,"Kuhn, Nicola",25832,23859,1973,464598
594,"Nesterov, Petr",25791,18595,7196,58713
595,"Otte, Oscar",25772,25772,0,2470322
596,"Wenger, Damien",25659,17709,7950,118748
597,"Kennedy, Jack",25520,25430,90,25520
598,"Alcala Gurri, Max",25514,22966,2548,73051
599,"Prihodko, Oleg",25467,24719,748,136764
600,"Agwi, Michael",25457,18142,7315,30926
601,"Pokorny, Lukas",25427,18514,6913,71047
602,"Harris, Andrew",25418,0,25418,438215
603T,"Hussey, Giles",25368,23286,2082,81264
603T,"Monday, Johannus",25368,21156,4212,100028
605,"Sakamoto, Rei",25331,20194,5137,32487
606,"Mott, Blake",25330,23250,2080,243024
607,"Poullain, Lucas",25252,22892,2360,107035
608,"Wessels, Louis",25218,20787,4431,227415
609,"Bobrov, Bogdan",25181,20335,4846,152536
610,"Martin, Andres",25177,21272,3905,73490
611,"Zahraj, Patrick",25074,18142,6932,44920
612,"Purtseladze, Saba",25039,22252,2787,80593
613,"Echargui, Moez",24837,21509,3328,170397
614,"Vanshelboim, Eric",24764,19237,5527,106030
615,"Matsuda, Ryuki",24757,16365,8392,57000
616,"Moeller, Marvin",24728,23771,957,132331
617,"Ilagan, Andre",24691,21475,3216,36121
618,"Ricca, Giorgio",24457,467,23990,76653
619,"Ingildsen, Johannes",24296,1670,22626,60564
620,"Goldhoff, George",24141,540,23601,54181
621,"Langmo, Christian",24059,22684,1375,102209
622,"Bouquier, Arthur",23986,20090,3896,77569
623,"Gombos, Norbert",23936,23936,0,2254469
624,"Erel, Yanki",23901,20059,3842,100594
625,"Tiurnev, Evgenii",23897,20821,3076,222888
626,"Jones, Ben",23871,12103,11768,68245
627,"Oswald, Philipp",23840,0,23840,1583656
628,"Puttergill, Calum",23717,2485,21232,109429
629,"Hilderbrand, Trey",23522,8235,15287,37896
630,"Damas, Miguel",23507,23038,469,70469
631,"Haliak, Mikalai",23488,19919,3569,102514
632,"Bittoun Kouzmine, Constantin",23379,13599,9780,96681
633,"Jecan, Alexandru",23346,1524,21822,127623
634,"Bakshi, Aleksandre",23200,16187,7013,108313
635,"Nakagawa, Naoki",23148,23058,90,122167
636,"Krutykh, Oleksii",23125,16178,6947,308370
637,"Jin, Jeremy",23091,22731,360,55093
638,"Artnak, Bor",23067,22385,682,48956
639,"Lingua Lavallen, Alejo Lorenzo",23007,19323,3684,71672
640,"Cid Subervi, Roberto",22974,20633,2341,281013
641,"Lopez Montagud, Carlos",22926,20006,2920,102161
642,"Barroso Campos, Alberto",22861,16454,6407,118269
643,"Soriano Barrera, Adria",22839,21533,1306,64762
644,"Cina, Federico",22820,19452,3368,25273
645,"Agafonov, Egor",22816,15195,7621,46974
646,"Midon, Lautaro",22708,20166,2542,45267
647,"Rai, Ajeet",22679,14286,8393,101449
648,"Gentzsch, Tom",22625,20154,2471,48721
649,"Walkow, Szymon",22558,0,22558,295116
650,"Bicknell, Blaise",22549,22274,275,55298
651,"De Krom, Michiel",22527,17025,5502,67074
652,"Henning, Philip",22526,20122,2404,31768
653,"Stevenson, David",22522,0,22522,25084
654,"Smith, Colton",22499,22231,268,23681
655,"Serdarusic, Nino",22390,18850,3540,519893
656,"Sandgren, Tennys",22360,20890,1470,3580928
657,"Bar Biryukov, Petr",22280,19735,2545,40323
658,"Boscardin Dias, Pedro",22274,18507,3767,98606
659,"Reymond, Arthur",22258,13987,8271,91920
660,"Mo, Ye Cong",22239,14147,8092,60771
661,"Barton, Hynek",22204,19317,2887,49946
662,"Marmousez, Lilian",22091,20536,1555,51737
663,"Singh, Karan",21845,17585,4260,39988
664,"Pennaforti, Gabriele",21782,21782,0,44602
665,"Ivashka, Ilya",21779,21779,0,3337293
666,"Ouakaa, Aziz",21693,13798,7895,89196
667,"Domingues, Joao",21631,16739,4892,542611
668,"Bertran, Peter",21609,17770,3839,67893
669,"Paulson, Andrew",21390,17168,4222,136746
670,"Chung, Yun seong",21326,10266,11060,242337
671,"Piraino, Gabriele",21313,20105,1208,64739
672,"Compagnucci, Tommaso",21291,17661,3630,56890
673,"Milev, Yanaki",21238,16050,5188,51753
674,"Sanchez Quilez, Alejo",21235,16678,4557,30647
675,"Pavel, Bogdan",21138,8955,12183,37814
676,"Bondioli, Federico",21003,15403,5600,31337
677,"Serafini, Marcello",20991,18204,2787,72246
678,"Duran, Guillermo",20967,0,20967,676947
679,"Isomura, Kokoro",20925,18723,2202,42915
680,"Nanda, Govind",20910,19127,1783,164623
681,"Kirchheimer, Strong",20893,18091,2802,119893
682,"Sigouin, Benjamin",20802,0,20802,87861
683,"Bayldon, Blake",20788,1500,19288,33477
684,"Farjat, Tomas",20782,16365,4417,70037
685,"Saraiva Dos Santos, Paulo Andre",20694,9072,11622,40791
686,"Orlov, Vladyslav",20622,11473,9149,165750
687,"Krumich, Martin",20606,19810,796,73043
688,"Dzhavakian, Yurii",20581,17390,3191,67502
689,"Benchetrit, Elliot",20433,17919,2514,587274
690,"Visker, Niels",20425,15446,4979,40854
691,"Gerch, Lucas",20339,17642,2697,123708
692,"Watanabe, Seita",20331,5120,15211,55601
693,"Sabanov, Ivan",20327,190,20137,257598
694,"Kumar, Omni",20308,20308,0,104873
695,"Kingsley, Cannon",20274,14443,5831,91452
696,"Safwat, Mohamed",20003,18174,1829,902703
697,"Paz, Juan Pablo",19977,13986,5991,203207
698,"Romano, Filippo",19962,9378,10584,27824
699,"Huang, Tsung-Hao",19909,13341,6568,66887
700,"Gautier, Alexis",19896,19536,360,105350
701,"Donskoy, Evgeny",19857,18512,1345,3426092
702,"Pereira, Jose",19723,17738,1985,218660
703,"Celikbilek, Altug",19594,18036,1558,512366
704,"Sheehy, Joshua",19542,9305,10237,45548
705,"Tomescu, Dan Alexandru",19490,16342,3148,71258
706,"Palan, Dominik",19487,18686,801,106358
707,"Aboian, Leonardo",19474,11737,7737,80396
708,"Takahashi, Yusuke",19433,18683,750,179145
709,"Wiskandt, Max",19411,16748,2663,34557
710,"Gulin, Svyatoslav",19250,14629,4621,50713
711,"Imai, Shintaro",19232,17057,2175,153682
712,"Kellovsky, Dominik",19178,14179,4999,87666
713,"Sabanov, Matej",19160,0,19160,311738
714,"Ayeni, Alafia",19135,17440,1695,88667
715,"Strombachs, Robert",19129,16994,2135,109167
716,"Rosenkranz, Mats",19105,17511,1594,139806
717,"Bradshaw, Jacob",19078,18112,966,36310
718,"Glinka, Daniil",19062,18012,1050,61059
719,"Bax, Florent",19061,15213,3848,55338
720,"Shin, Woobin",19047,11781,7266,34723
721,"Lock, Courtney John",19033,2096,16937,58801
722,"Wendelken, Harry",19027,12910,6117,82039
723,"Pecci, Alessandro",18629,17811,818,30444
724,"Lavagno, Edoardo",18628,17563,1065,139420
725,"Braswell, Micah",18620,17270,1350,26958
726,"Djuric, Branko",18592,15911,2681,23489
727,"Hudd, Emile",18587,12677,5910,30944
728,"Vocel, Matej",18541,2536,16005,59722
729,"Reese, Hunter",18365,655,17710,289208
730,"Schiessl, Joao Eduardo",18338,14970,3368,31655
731,"Myneni, Saketh",18322,0,18322,532871
732,"Popovic, Stefan",18287,16020,2267,47635
733,"Schachter, Noah",18278,10127,8151,39373
734,"Chappell, Nick",18254,15143,3111,199362
735,"Handel, Tim",18157,14831,3326,72092
736,"Yuzuki, Takeru",18122,1090,17032,32844
737,"Baadi, Taha",18025,15570,2455,40740
738,"Oliel, Yshai",17957,16436,1521,141314
739,"Rybakov, Alex",17915,13521,4394,179058
740,"Neff, Adam",17829,16944,885,30114
741,"Donski, Alexander",17757,6586,11171,135369
742,"Rubio Fierros, Alan Fernando",17725,14838,2887,41714
743,"Isaro, Pruchya",17696,680,17016,78447
744,"Ribeiro, Eduardo",17663,13558,4105,99898
745,"Kivattsev, Kirill",17657,16692,965,94400
746,"Bouzige, Moerani",17599,15227,2372,52424
747,"Wehnelt, Kai",17464,7590,9874,127245
748,"McCormick, Tristan",17462,13946,3516,42799
749,"Nikles, Johan",17430,13419,4011,151709
750,"Cervantes, Inigo",17392,1002,16390,1134199
751,"Iannaccone, Federico",17325,16393,932,72492
752,"Duncan, Scott",17264,0,17264,55408
753,"Kiger, Mac",17253,0,17253,38472
754,"Dev, S D Prajwal",17226,10581,6645,68904
755,"Justo, Guido Ivan",17170,16746,424,55522
756,"Trongcharoenchaikul, Wishaya",17122,14698,2424,113853
757,"Gadamauri, Buvaysar",17067,13992,3075,55902
758,"Bilardo, Jacopo",17059,4122,12937,20504
759,"Leong, Mitsuki Wei Kang",17003,14689,2314,29175
760,"Harper, Cleeve",16968,4220,12748,31723
761,"Lomakin, Grigoriy",16861,9060,7801,111111
762,"Corwin, Felix",16860,12666,4194,86079
763,"Sinclair, Colin",16721,10212,6509,127119
764,"Gavrielides, Liam",16703,14428,2275,33626
765,"Britto, Luis",16692,1791,14901,42459
766,"Rocha, Francisco",16673,13070,3603,30806
767,"Shin, Sanhui",16620,12456,4164,49904
768,"Oetzbach, Adrian",16615,14263,2352,49931
769,"Dostanic, Stefan",16592,16592,0,34838
770,"Tang, Sheng",16531,7532,8999,30419
771,"De Schepper, Kenny",16462,14609,1853,1703884
772,"Guerrieri, Andrea",16432,15648,784,64925
773,"Pieczkowski, Olaf",16406,15190,1216,40684
774,"Lawson, Alex",16397,210,16187,198653
775,"Smith, Keegan",16371,12695,3676,112479
776,"Bouquet, Lucas",16352,13006,3346,50689
777,"Delaney, Jesse",16297,8473,7824,35828
778,"Beauge, Maxence",16218,12107,4111,61897
779,"Colson, Tibo",16197,13100,3097,53370
780,"Alcantara, Francis Casey",16165,0,16165,70628
781,"Kimhi, Orel",16088,14486,1602,42006
782,"Vasa, Eero",16008,11706,4302,54084
783,"Basic, Mirza",15989,13916,2073,1269783
784,"Montes-De La Torre, Inaki",15976,12592,3384,50407
785,"Juszczak, Pawel",15943,14585,1358,114048
786,"Beckley, Alec",15939,11731,4208,45328
787,"Vylegzhanin, Nikolay",15901,14878,1023,37464
788,"Stewart, Hamish",15878,12231,3647,33071
789,"Zink, Tyler",15877,12710,3167,60829
790,"Demin, Yaroslav",15850,14693,1157,25611
791,"Johns, Garrett",15832,13868,1964,50740
792,"Catini, Niccolo",15830,10507,5323,31199
793,"Adams, Harrison",15818,13188,2630,60965
794,"Kumasaka, Takuya",15816,15192,624,33973
795,"Weber, Arthur",15812,14633,1179,71795
796,"Maloney, Patrick",15720,14434,1286,24556
797,"Heinonen, Adam",15715,7934,7781,23689
798,"Ferrari, Gianmarco",15571,14167,1404,104870
799,"Demanet, Emilien",15551,13433,2118,16019
800,"Huertas del Pino, Conner",15477,4889,10588,93687
801,"Carou, Ignacio",15426,4938,10488,82449
802,"Gonzalez Fernandez, Mario",15365,14151,1214,37490
803,"Ghibaudo, Antoine",15295,13997,1298,45876
804,"Fomin, Sergey",15274,13145,2129,91123
805,"Gimenez, Igor",15110,12256,2854,41485
806,"Lopez Morillo, Imanol",15077,12102,2975,80215
807,"Jones, Maximus",15029,9697,5332,43523
808,"Palosi, Stefan",15007,13993,1014,59862
809,"Ejupovic, Elmar",14987,14105,882,156006
810,"Rottoli, Lorenzo",14939,9566,5373,61878
811,"La Serna, Juan Manuel",14917,10171,4746,28352
812,"Slump, Stijn",14840,14410,430,22410
813,"Ponwith, Nathan",14838,10832,4006,73900
814,"Gima, Sebastian",14790,13941,849,64034
815,"Sousa, Joao",14773,13069,1704,8340548
816,"Beaupain, Simon",14738,10437,4301,63919
817,"Filin, Nikita Samuel",14707,1300,13407,15237
818,"Bielinskyi, Viacheslav",14702,12832,1870,45690
819,"Snitari, Ilya",14655,11472,3183,55069
820,"Stevenson, Kelsey",14618,980,13638,111712
821,"Hulme, Matt",14582,9285,5297,22135
822,"Barreto Sanchez, Diego Augusto",14553,11059,3494,49725
823,"Taguchi, Ryotaro",14419,11198,3221,23991
824,"Banthia, Siddhant",14275,4417,9858,35510
825,"Perfetti, Noah",14228,9019,5209,16936
826,"Saitoh, Keisuke",14205,11142,3063,41948
827,"Radulov, Iliyan",14189,13326,863,20257
828,"Ilkel, Cem",14112,13161,951,744574
829,"Knaff, Alex",14089,11059,3030,60712
830,"Tammaro, Mariano",14034,11240,2794,19891
831,"Pearson, Kody",14030,5021,9009,42532
832,"Razeghi, Alexander",14007,988,13019,15699
833,"Rodriguez, Johan Alexander",13960,9992,3968,33112
834,"Schell, Niklas",13941,7751,6190,67644
835,"Dussin, Louis",13910,11468,2442,41493
836,"Copil, Marius",13895,11466,2429,2735261
837,"McLachlan, Ben",13833,0,13833,1492230
838T,"Merino, Alexander",13824,0,13824,74857
838T,"Vankan, Marlon",13824,10362,3462,41630
840,"Perez Contri, Sergi",13809,11133,2676,71011
841,"Kalyanpur, Adil",13768,7526,6242,41660
842,"Fernandez Flores, Diego",13767,11765,2002,47036
843,"Heller, Peter",13720,11378,2342,176143
844,"Peliwo, Filip",13702,11953,1749,397120
845,"Reynolds, Finn",13682,670,13012,32049
846,"Bailly, Gilles Arnaud",13659,13569,90,48652
847,"Garcian, Axel",13576,8974,4602,37243
848,"Martin, Andrej",13557,13301,256,1598111
849,"Fajta, Peter",13556,13460,96,52899
850,"Martinez, Alex",13464,12045,1419,33662
851,"Shiraishi, Hikaru",13458,12508,950,32396
852,"Aguilar, Juan Carlos",13410,7619,5791,58387
853,"Obradovic, Dusan",13408,11487,1921,35735
854,"Budkov Kjaer, Nicolai",13351,13261,90,13351
855,"Ribero, Franco",13341,9248,4093,23072
856,"Harper, Patrick",13339,0,13339,18551
857,"Buldorini, Peter",13302,11969,1333,21270
858,"Malige, Mae",13288,12740,548,16858
859,"Poljak, David",13225,6064,7161,141954
860,"Binda, Alexandr",13194,10586,2608,32838
861,"Furness, Evan",13112,11311,1801,281131
862,"Blanch, Dali",13106,10762,2344,48096
863,"Virgili, Augusto",13053,0,13053,30811
864,"Rivet, Maxence",13043,10211,2832,21424
865,"Lanik, Tomas",13035,4713,8322,25448
866,"Broska, Florian",13023,10270,2753,31156
867,"Hamza Reguig, Samir",13000,10098,2902,29845
868,"Marrero Curbelo, Ivan",12994,8250,4744,36163
869,"Barreiros Reyes, Mateo",12990,9958,3032,30465
870T,"Manafov, Vladyslav",12953,0,12953,227016
870T,"Rodriguez, Lorenzo Joaquin",12953,10128,2825,43519
872,"Pawelski, Martyn",12942,11699,1243,35810
873,"Elsayed, Amr",12904,10395,2509,46199
874,"Whiting, Tennyson",12889,420,12469,27863
875,"Sperle, John",12872,9942,2930,26262
876,"Vilicich, Bautista",12859,11233,1626,20096
877,"Hoang, Antoine",12797,10665,2132,1122522
878,"Estevez, Juan",12737,10897,1840,18024
879,"Chanta, Thanapet",12722,11682,1040,27144
880,"Shah, Aryan",12683,10458,2225,15199
881,"Andaloro, Fabrizio",12668,10553,2115,33418
882,"Leite, Wilson",12652,11667,985,195571
883,"Tkemaladze, Zura",12616,10481,2135,79138
884,"Neuchrist, Maximilian",12539,10182,2357,375316
885,"Zhu, Evan",12507,10094,2413,136435
886,"Zanellato, Nicolas",12487,10768,1719,46801
887,"Charlton, Joshua",12454,4501,7953,19903
888,"Ogura, Kosuke",12296,8875,3421,38007
889,"Sorger, Sebastian",12277,12063,214,30953
890,"Vithoontien, Leo",12258,8874,3384,20382
891,"Mochizuki, Yuki",12245,10090,2155,82735
892,"Carboni, Lorenzo",12226,10296,1930,24927
893,"Margaroli, Luca",12192,205,11987,228349
894,"Massard, Loann",12121,8107,4014,21724
895,"Papamalamis, Theo",12119,10684,1435,14645
896,"Pieczonka, Filip",12091,5909,6182,15441
897,"Loge, Jack",12054,9507,2547,18280
898,"Javia, Dev",12053,9648,2405,20724
899,"Uzhylovskyi, Volodoymyr",12034,840,11194,129286
900,"Ruehl, Tim",12031,4293,7738,20603
901,"Agostini, Simone",12017,5220,6797,18956
902,"Echeverria, John",12015,9385,2630,56161
903,"Steiner, Maik",11961,9801,2160,32436
904,"Urrea, Andres",11926,2450,9476,30586
905,"Barnat, Jiri",11915,4082,7833,50174
906,"Omarkhanov, Amir",11813,11653,160,11813
907,"Svajda, Trevor",11773,11383,390,35793
908,"Lumsden, Ewen",11769,8294,3475,16389
909T,"Loof, Thijmen",11768,5589,6179,20368
909T,"Manzanera Pertusa, Alejandro",11768,9752,2016,37031
911,"Clark, Ezekiel",11738,9375,2363,85870
912,"Melzer, Gerald",11722,9849,1873,990350
913,"Suresh, Dhakshineswar",11704,5037,6667,16912
914,"Castagnola, Luca",11645,10313,1332,33308
915,"Cesar Porras, Julio",11643,10917,726,24201
916,"Papoe, Radu Mihai",11622,10564,1058,32656
917,"Cornut-Chauvinc, Antoine",11608,11177,431,93473
918,"Vandecasteele, Quinn",11595,10550,1045,46118
919,"Ly, Nam Hoang",11562,11258,304,131002
920,"Kaukovalta, Patrick",11553,8282,3271,28397
921,"Ochi, Makoto",11551,9317,2234,137349
922,"Madarasz, Gergely",11539,9281,2258,60399
923,"Roveri Sidney, Gabriel",11530,2219,9311,38170
924,"Monzon, Ignacio",11516,8452,3064,94668
925,"Hernandez, Alex",11511,9941,1570,94203
926,"Bertimon, Maxence",11502,9217,2285,16434
927,"Pujol Navarro, Bruno",11486,2141,9345,43573
928,"Miyoshi, Kenta",11480,9672,1808,16929
929,"Gomez, Juan Sebastian",11463,7848,3615,131424
930,"Otegui, Juan Bautista",11391,8431,2960,76999
931,"Lobanov, Aleksandr",11344,4510,6834,25838
932,"Marques, Diogo",11293,7338,3955,15743
933,"Barrena, Alex",11277,10607,670,59998
934,"Castelnuovo, Luca",11273,7225,4048,86525
935T,"Pieri, Samuele",11261,9643,1618,21326
935T,"Watt, James",11261,5956,5305,16092
937,"Jin, Yuquan",11245,5235,6010,13927
938,"Aubriot, Alexandre",11235,9166,2069,30631
939,"Brumm, Jacob",11197,11023,174,32126
940,"Woodall, William",11180,0,11180,11180
941,"Klok, Denis",11175,9718,1457,82585
942,"Whitehouse, Mark",11142,5151,5991,106059
943,"Duda, Filip",11136,2072,9064,55245
944,"Juarez, Facundo",11129,10750,379,97965
945,"Baris, Ozan",11098,8998,2100,29727
946,"Mckennon, Maxwell",11065,9334,1731,14473
947,"Ghazouani Durand, Yanis",11064,7090,3974,15447
948,"Rossi, Leonardo",11044,9682,1362,28184
949,"Nunez, Daniel Antonio",10999,8079,2920,35466
950,"Freund, Simon",10987,420,10567,55198
951,"Giacomini, Luca",10934,7632,3302,64579
952,"Kielan, Szymon",10926,3946,6980,41728
953,"Ganta, Sai Karteek Reddy",10858,2900,7958,22508
954,"Ichikawa, Taisei",10856,7540,3316,51925
955,"Potenza, Luca",10828,7570,3258,72516
956,"Dedura-Palomero, Diego",10819,10783,36,11879
957,"Pedrico Kravtsov, Albert",10811,9523,1288,11945
958,"Camus, Charlie",10800,8402,2398,16998
959,"Wassermann, Deney",10797,9708,1089,31623
960,"Reco, Alexandre",10766,9690,1076,26151
961,"Woestendick, Cooper",10762,9710,1052,10942
962,"Aguilar Cardozo, Joaquin",10733,8087,2646,15002
963,"Genov, Anthony",10712,2876,7836,21144
964,"Arutiunian, Erik",10681,8160,2521,31926
965,"O'Hoisin, Osgar",10679,3213,7466,38309
966,"Jebavy, Roman",10644,0,10644,737027
967,"Winter Lopez, Benjamin",10594,7239,3355,71155
968,"Giunta, Massimo",10537,9265,1272,20815
969,"Rola, Blaz",10478,7843,2635,1148909
970,"Gutierrez, Oscar Jose",10476,8458,2018,150954
971T,"Arseneault, Nicolas",10470,9580,890,10910
971T,"Qureshi, Aisam-Ul-Haq",10470,0,10470,3731369
973,"Grant, William",10468,9849,619,22127
974,"Kim, Aidan",10429,8509,1920,21330
975,"Stepanov, Roy",10416,190,10226,20722
976,"Thanos, Aristotelis",10400,9560,840,37801
977,"Gray, Alastair",10385,10385,0,227448
978,"Braynin, Aleksandr",10381,8919,1462,39407
979,"Caniato, Carlo Alberto",10307,8126,2181,13408
980,"Kalovelonis, Markos",10306,1466,8840,166314
981,"La Vela, Giuseppe",10305,8757,1548,24114
982,"Wallart, Enzo",10253,9005,1248,34011
983,"Martin, Dan",10249,8411,1838,29692
984,"Falabella, Lautaro Agustin",10183,6822,3361,24947
985,"D'Agostino, Stefano",10150,7746,2404,17536
986,"Poling, Karl",10131,7382,2749,17289
987,"Zeng, Yaojie",10063,6268,3795,12257
988,"Donald, Matthew William",10062,8244,1818,25800
989,"Kumar, Pranav",10046,2403,7643,16527
990,"Klintcharov, Alexander",10017,7276,2741,23593
991,"Noce, Gabriele Maria",9995,7521,2474,45272
992,"Gimeno Valero, Carlos",9967,9967,0,106528
993,"Grevelius, Erik",9951,2298,7653,12748
994,"Pow, Luca",9948,3007,6941,42727
995,"Jong, Sander",9938,7697,2241,33098
996,"Chirita, Ioan Alexandru",9924,8212,1712,16992
997,"Zhu, Michael",9911,7908,2003,58109
998,"Feldbausch, Kilian",9870,9870,0,39252
999,"Masabayashi, Tomohiro",9852,7119,2733,28233
1000,"Ganesan, Adhithya",9840,8313,1527,21404
1001,"Bass, Finn",9824,4668,5156,31634
1002,"Tajima, Naoki",9817,5021,4796,57330
1003,"Basing, Max",9786,9027,759,15330
1004,"Ribecai, Michele",9758,8692,1066,12232
1005,"Nefve, Axel",9754,8263,1491,21863
1006,"Bennani, Reda",9719,9287,432,19584
1007,"Summers, Matthew",9689,5251,4438,13792
1008,"Liaonenka, Aliaksandr",9673,6602,3071,39213
1009,"Izquierdo Luque, Rafael",9621,5173,4448,13564
1010,"Poertner, Lasse",9590,7544,2046,11498
1011,"Sakellaridis, Dimitris",9581,3628,5953,23793
1012,"Huertas Del Pino Cordova, Arklon",9550,2704,6846,97759
1013,"Martin, Toby",9535,7341,2194,79589
1014,"Davis, James",9521,370,9151,18168
1015,"Hrazdil, Jan",9517,4110,5407,16735
1016,"Sureshkumar, Manish",9451,5456,3995,75363
1017,"Verbin, Pavel",9435,3881,5554,17708
1018,"Lee, Jea Moon",9428,4712,4716,62149
1019T,"Nedic, Andrej",9380,8974,406,24514
1019T,"Zakaria, Fares",9380,6928,2452,25152
1021,"Planinsek, Filip Jeff",9362,8698,664,11643
1022,"Vishwakarma, Siddharth",9353,8959,394,28790
1023,"Raynel, Amaury",9305,7036,2269,34559
1024,"Reitano, Stefano",9248,5604,3644,32225
1025,"Beloborodko, Illya",9235,5942,3293,37959
1026,"Tudorica, Alvin Nicholas",9204,6973,2231,10500
1027,"Privara, Peter Benjamin",9200,8396,804,32366
1028,"Zayid, Mubarak Shannan",9155,4969,4186,97974
1029,"Radjenovic, Vuk",9148,7119,2029,12666
1030,"Dong, Zhenxiong",9126,6874,2252,14751
1031,"Ferrari, Francesco",9088,7588,1500,35820
1032,"Nawaf, Rashed",9085,4969,4116,18711
1033,"Tessa, Louis",9058,7780,1278,52097
1034T,"Fenty, Andrew",9032,8261,771,26395
1034T,"Polukhin, Savva",9032,8516,516,24100
1036,"Marinescu, Mihai Razvan",9026,6800,2226,18053
1037,"Liu, Hanyi",9013,8185,828,32536
1038,"Hermans, Mats",8944,882,8062,42611
1039,"Marino, Pietro",8923,7453,1470,21832
1040,"Brown, Preston",8901,7841,1060,36701
1041,"Berkieta, Tomasz",8853,7515,1338,12211
1042,"Zhukov, Maxim",8831,7225,1606,23508
1043,"Williams, Cooper",8823,7368,1455,19141
1044,"Latinovic, Stefan",8789,4060,4729,10869
1045,"Aksu, Cengiz",8771,6554,2217,40912
1046,"Chepelev, Andrey",8765,7721,1044,123371
1047,"Legout, Timo",8690,7985,705,62094
1048T,"Banerjee, Samir",8676,8264,412,39869
1048T,"Lee, Duckhee",8676,6456,2220,443002
1050,"Eriksson, Sebastian",8646,7218,1428,13088
1051,"Altamirano, Collin",8638,7320,1318,192437
1052,"Turker, Mert Naci",8628,4749,3879,41134
1053,"Perez, Brandon",8614,4914,3700,21533
1054,"Szajrych, Jasza",8605,6280,2325,22193
1055,"Sinha, Nitin Kumar",8583,4558,4025,47828
1056,"Story, James",8563,6607,1956,13212
1057,"Yin, Bang Shuo",8547,5794,2753,20502
1058,"Taylor, Adam",8543,449,8094,54649
1059,"Pontjodikromo, Sidane",8489,6818,1671,68239
1060,"Paris, Tom",8461,5678,2783,25681
1061,"Jeong, Yeong-Seok",8431,4118,4313,28984
1062,"Cazacu, Dragos Nicolae",8396,5970,2426,17873
1063,"Salle, Fabien",8390,7226,1164,14532
1064,"Bozemoj, Brian",8364,5287,3077,18247
1065,"Caruso, Salvatore",8357,7042,1315,1986102
1066,"Filip, Jakub",8353,6952,1401,10037
1067,"Ivanov, Saveliy",8318,7166,1152,12580
1068,"Bassem Sobhy, Michael",8242,6462,1780,18448
1069,"Jones, Miles",8238,5867,2371,14796
1070,"Catarina, Lucas",8236,8236,0,223908
1071,"Boulais, Justin",8194,5324,2870,50075
1072,"Kang, Kyle",8139,7529,610,24370
1073,"Andreescu, Stefan Adrian",8112,6656,1456,12252
1074,"Dancu, Vlad Andrei",8094,7686,408,47169
1075,"Stodder, Timo",8088,7539,549,103327
1076,"Bosio, Gabriele",8031,6345,1686,28126
1077,"Paty, Daniel",8029,5796,2233,31066
1078,"Chopra, Keshav",8021,3126,4895,21111
1079,"Cigarran, Thiago",8018,5374,2644,23173
1080,"Tosetto, Rafael",7990,5317,2673,16262
1081,"Bonsach Ganley, Kane",7986,7182,804,12638
1082,"Basel, Valentin",7961,4369,3592,8862
1083,"Mashtakov, Nikita",7954,5160,2794,37478
1084,"Becerra Otarola, Ignacio Antonio",7926,5934,1992,21197
1085,"Zgirovsky, Alexander",7866,4430,3436,39123
1086,"Flores, Jesse",7828,5887,1941,33730
1087,"Ciavarella, Niccolò",7768,6644,1124,14858
1088,"Borisiouk, Martin",7695,6769,926,21792
1089,"Wallin, Olle",7687,7447,240,16589
1090,"Mackinlay, James",7683,379,7304,17114
1091,"Tamm, Kristjan",7682,6226,1456,47681
1092,"Sumizawa, Daisuke",7638,5129,2509,47120
1093,"Sharan, Divij",7625,119,7506,952056
1094,"Brunclik, Petr",7623,5531,2092,11708
1095,"Londero, Juan Ignacio",7570,7570,0,2120239
1096,"Crowther, Corban",7568,6566,1002,14444
1097,"Saritas, Gokberk",7559,3620,3939,14883
1098,"Turriziani Alvarez, Alejandro",7525,4417,3108,12666
1099,"Donnet, Etienne",7523,6506,1017,12725
1100,"Tabacco, Fausto",7474,6736,738,46245
1101,"Stater, Alexander",7467,6653,814,12992
1102,"Del Pino, Mateo",7461,3147,4314,18548
1103,"Makhlouf, Mohamed Nazim",7416,5490,1926,20273
1104,"Kirci, Koray",7397,6119,1278,53708
1105,"Matsuoka, Hayato",7395,5826,1569,13344
1106,"Yamanaka, Taiyo",7347,5358,1989,25095
1107,"Andre, Seydina",7338,5946,1392,19484
1108,"Gorokhov, Mikhail",7331,7331,0,10204
1109,"Kawachi, Kazuma",7287,4176,3111,52183
1110,"Trochu, Pablo",7281,6279,1002,13710
1111,"Simundza, Josip",7268,5595,1673,11692
1112,"Wiedenmann, Luca",7261,7261,0,24657
1113,"Badenhorst, Devin",7259,5909,1350,14698
1114,"Maginley, Jody",7239,674,6565,39312
1115,"Matsuda, Koki",7218,4475,2743,17456
1116,"Hazawa, Shinji",7196,3719,3477,52391
1117,"Nagel, Arthur",7193,4297,2896,11630
1118,"Ramskogler, Gregor",7150,3926,3224,13084
1119,"Quan, Rudy",7141,6949,192,9415
1120,"Philippov, Evgeny",7128,6054,1074,35039
1121,"Vulpitta, Gabriele",7103,4548,2555,8619
1122,"Zheng, Zhan",7102,2886,4216,11515
1123,"Li, Zekai",7074,1064,6010,9812
1124,"Cekirge, Kuzey",7061,6625,436,20251
1125,"Ozolins, Karlis",7037,6479,558,21418
1126,"Sciahbasi, Lorenzo",7027,4313,2714,10278
1127,"Habib, Ali",7021,5673,1348,12347
1128,"Lilov, Victor",6991,6541,450,42705
1129,"Tsitsipas, Pavlos",6989,5497,1492,9311
1130,"Brady, Patrick",6982,6648,334,22608
1131,"Nandal, Yuvan",6980,5854,1126,6980
1132,"Babic, Zvonimir",6961,0,6961,31180
1133,"Bodmer, Adrian",6956,5284,1672,60154
1134,"De Vincentis, Matteo",6929,4406,2523,17569
1135,"Lee, Kuan-Yi",6912,5781,1131,66032
1136,"Sigsgaard, Christian",6911,6137,774,31101
1137,"Monferrer, Ezequiel",6905,5167,1738,9354
1138,"Eqbal, Ishaque",6894,4576,2318,24152
1139,"Kupcic, Jan",6863,4441,2422,15864
1140,"Sim, Sungbeen",6838,4563,2275,7980
1141,"Lu, Pengyu",6820,4882,1938,8952
1142,"Shaw, Michael",6769,2841,3928,17097
1143,"Cavallo, Fernando",6726,5478,1248,7920
1144T,"Maksimovic, Marko",6683,3958,2725,8899
1144T,"Parisca Romera, Ignacio",6683,5678,1005,7877
1146,"Aguilar Cardozo, Federico",6667,3859,2808,8043
1147,"Ojakaar, Oliver",6651,5795,856,8772
1148,"Lopez, Noah",6648,4633,2015,25866
1149,"Jermar, Jan",6608,2685,3923,15814
1150,"Osorio, Juan Sebastian",6594,5422,1172,19809
1151,"Asaba, Abraham",6590,2694,3896,19956
1152,"Pietri, Benjamin",6586,4377,2209,45411
1153,"Fishback, Ryan",6564,4602,1962,9193
1154,"Ujvary, Matthias",6561,5147,1414,16912
1155,"Campana, Federico",6532,4392,2140,22194
1156,"Zhang, Tianhui",6526,6340,186,7948
1157,"Vales, Amit",6525,5999,526,11976
1158,"George, Benjamin Thomas",6516,4567,1949,8601
1159,"Vardhan, Vishnu",6507,3129,3378,266613
1160,"Yang, Jimmy",6503,5353,1150,21397
1161,"Chen, Charles",6478,6478,0,7778
1162,"Miletich, Iannis",6444,5112,1332,7464
1163,"Kukasian, Artur",6426,4560,1866,8772
1164,"Butulija, Boris",6424,5466,958,42649
1165,"Vandermeersch, Cyril",6419,4877,1542,25972
1166,"Loutit, Jack",6413,6263,150,13174
1167,"Decamps, Gabriel",6379,5216,1163,59843
1168,"Denisov, Ivan",6373,3906,2467,21311
1169,"Perez, Alfredo",6366,4800,1566,68100
1170,"Donev, Gabriel",6364,4354,2010,47861
1171,"Zekic, Miljan",6346,5926,420,416269
1172,"Fantini, Luca",6341,5063,1278,16386
1173,"Xilas, Ioannis",6339,5178,1161,14093
1174,"Ocleppo, Julian",6326,3810,2516,155072
1175,"Kriznik, Matic",6311,4680,1631,8603
1176T,"Callejon Hernando, Sergio",6306,5486,820,9598
1176T,"Casanova, Andrin",6306,4554,1752,12628
1178,"Bellifemine, Alessandro",6304,4998,1306,13469
1179T,"Alkaya, Mert",6287,3988,2299,18267
1179T,"Perez Sanz, David",6287,4024,2263,199428
1181T,"Nedelchev, Nikolay",6282,3937,2345,18399
1181T,"Van Emburgh, Jake",6282,4634,1648,16230
1183,"Garcia Mestre, Jordi",6274,4229,2045,10583
1184,"Cerny, Matyas",6270,4601,1669,15287
1185,"De Jonge, Daniel",6240,4032,2208,20752
1186,"Nadal, Joan",6227,5648,579,8238
1187,"Escurra Isnardi, Hernando Jose",6201,4528,1673,13138
1188,"Mbithi, Mwendwa",6184,4950,1234,25654
1189,"Rungkat, Christopher",6180,0,6180,291900
1190,"Descotte, Matias Franco",6178,5014,1164,157103
1191,"Curras Abasolo, Tomas",6163,5021,1142,15957
1192,"Plunger, Manuel",6154,4210,1944,8226
1193,"Montsi, Khololwam",6144,5129,1015,48766
1194,"Nishiwaki, Kazuki",6138,4820,1318,40413
1195,"Khazime, Daniel",6127,4765,1362,8648
1196,"Kawahashi, Yuta",6125,4218,1907,28145
1197,"Kravchenko, Georgii",6095,5438,657,79446
1198,"Bocchi, Lorenzo",6081,5577,504,57088
1199,"Agarwal, Rishab",6080,4700,1380,46467
1200,"Becroft, Isaac",6075,5100,975,16161
1201,"Fomba, Luc",6042,4217,1825,13360
1202,"Markovic, Sasa",6029,5975,54,9449
1203,"Azoides, Demetris",6023,4340,1683,14044
1204,"Ryan Ziegann, Sam",6021,4683,1338,11896
1205,"Walters, Marcus",6016,4392,1624,11138
1206,"Simonit, Ezequiel",6011,4781,1230,12741
1207,"Kusuhara, Yusuke",5998,2182,3816,9561
1208,"Efstathiou, Menelaos",5992,3939,2053,22182
1209,"Rottgering, Mees",5984,4741,1243,8576
1210,"Kikuchi, Yuta",5978,3814,2164,17638
1211,"Lehmann, Nikos",5966,4339,1627,8938
1212,"Park, Uisung",5963,3573,2390,38455
1213,"Vives Marcos, Pedro",5946,5215,731,46697
1214,"Dinev, Dinko",5907,3197,2710,8770
1215,"Forger, Abel",5885,4793,1092,7693
1216,"Bernard, Alexander",5884,4799,1085,23892
1217,"Jovic, Viktor",5854,4258,1596,29469
1218,"Lalami Laaroussi, Younes",5835,2588,3247,25099
1219,"Moroni, Gian Marco",5834,5834,0,356871
1220,"Jordan, Phillip",5817,3563,2254,6429
1221,"Sakellaridis, Michalis",5816,728,5088,18169
1222,"Calvano, Giovanni",5804,4942,862,18494
1223,"Jang, Yunseok",5788,4293,1495,18642
1224,"Dhamne, Manas",5784,5142,642,14417
1225,"Calzi, Raphael",5757,2560,3197,20287
1226,"Bennani, Karim",5742,3786,1956,6738
1227,"Welte, Milan",5731,4186,1545,31473
1228,"Hjorth, Philip",5727,5145,582,9575
1229,"de Almeida, Joaquim",5719,3272,2447,5719
1230,"Nakashima, Bryce",5694,2530,3164,14482
1231,"Ribeiro Lago, Elio Jose",5688,2646,3042,18198
1232,"Gobat, Adrien",5685,5307,378,23753
1233,"Young, Gavin",5684,5630,54,6276
1234,"Tarvet, Oliver",5674,5524,150,12518
1235,"Dalmasso, Guillaume",5671,5473,198,9436
1236,"Pampanin, Pietro",5619,3549,2070,19614
1237,"Court, Jayden",5617,4565,1052,23134
1238,"Malgaroli, Leonardo",5591,3812,1779,12673
1239,"Pecotic, Matija",5590,5404,186,145476
1240,"Santillan, Akira",5580,3465,2115,495522
1241,"Voisin, Emilien",5577,5075,502,37268
1242,"Fitriadi, M Rifki",5561,4136,1425,24313
1243,"Kuznetsov, Andrey",5536,4211,1325,3055162
1244,"Hess, Sean",5535,4491,1044,18162
1245,"Overbeck, Carl Emil",5526,3570,1956,9002
1246,"Inui, Yuichiro",5524,3174,2350,27965
1247,"Zusman, Richard",5508,3666,1842,13934
1248,"Sornlaksup, Pawit",5505,4274,1231,8815
1249,"Iradukunda, Guy Orly",5454,3973,1481,43347
1250,"Speziali, Filippo",5452,4906,546,21340
1251,"Barbier Gazeu, Paul",5446,3827,1619,7446
1252,"Lootsma, Niels",5443,4200,1243,82884
1253,"Bonnaud, Arthur",5434,4410,1024,8860
1254,"Magadan, Alan",5418,3602,1816,8328
1255,"Masjuan Ginel, Pablo",5415,4771,644,9848
1256T,"Baroni, Niccolo",5414,4758,656,11957
1256T,"Freire Da Silva, Adan",5414,3384,2030,15662
1258,"Kotzen, Alexander",5405,4419,986,22197
1259,"Villalon, Nicolas",5384,3872,1512,14090
1260,"Boros, Attila",5371,3862,1509,11411
1261,"Aggarwal, Parth",5367,3596,1771,10277
1262,"Houghton, George",5349,2080,3269,21241
1263,"Schoen, Patrick",5345,4091,1254,10037
1264,"Milojevic, Nikola",5342,5219,123,1052811
1265,"Rapagnetta, Daniele",5329,3838,1491,7752
1266,"Lorusso, Lorenzo",5312,3268,2044,12467
1267,"Duhan, Chirag",5310,3524,1786,11966
1268T,"Prechtel, Sebastian",5298,4986,312,69085
1268T,"Sorrentino, Luigi",5298,3475,1823,42566
1270,"Sinha, Adit",5297,4463,834,12748
1271,"Jung, Jason",5250,5250,0,1152926
1272,"Fondriest, Matteo",5234,3092,2142,6774
1273,"Rodriguez - Pace, Ricardo",5230,3612,1618,134461
1274,"Okonkwo, Oliver",5222,1993,3229,8933
1275,"Maamoun, Karim-Mohamed",5220,4362,858,190920
1276,"Alujas, Rodrigo",5205,3714,1491,7241
1277,"Tresca, Giuseppe",5182,2869,2313,19011
1278,"Simkiss, Luke",5168,4436,732,12553
1279,"Boogaard, Thijs",5165,5165,0,5423
1280,"Zelenay, Igor",5156,0,5156,911313
1281,"Coman, Mihai Alexandru",5151,3711,1440,10256
1282,"Khoeblal, Elgin",5142,3824,1318,14679
1283,"Bulus, Christopher",5131,4159,972,11989
1284,"Ferguson, Chase",5130,3772,1358,10801
1285,"Bueno Gil, Alvaro",5120,1192,3928,6052
1286,"Krajci, Michal",5114,4448,666,7737
1287,"Alkotop, Mousa",5103,2922,2181,16293
1288,"Forcano, Ignasi",5100,2634,2466,5988
1289,"Ivanov, Simon Anthony",5095,3806,1289,44174
1290,"Torres, Benjamin",5089,3991,1098,12729
1291,"Chaiyarin, Credit",5067,3394,1673,12860
1292,"Park, Seungmin",5062,3916,1146,6360
1293,"Reddy, Rishi",5056,2664,2392,21396
1294,"Tenti, Fermin",5050,3953,1097,74207
1295,"Rawat, Sidharth",5044,4213,831,102349
1296,"Basic, Nikola",5040,3360,1680,13142
1297,"Alvarez, Luis Carlos",5028,4626,402,18336
1298,"Zielinski, Marcel",5026,4278,748,17813
1299,"Hignett, Liam",5025,0,5025,9311
1300,"Setkic, Aldin",4998,4242,756,494146
1301,"Renard, Lucas",4977,4463,514,54235
1302,"Deckers, Alec",4975,4975,0,37131
1303,"Shimanov, Ofek",4968,3424,1544,12767
1304,"Heredia, Samuel",4962,3094,1868,4962
1305,"Fernandes, Rodrigo",4949,3527,1422,8480
1306,"Franco, Tobias",4935,4053,882,13664
1307,"Camargo Lima, Enzo",4913,2734,2179,8533
1308,"Jadoun, Nicolas",4890,4362,528,5748
1309,"Bacaloni, Andrea",4878,3501,1377,17013
1310,"Simonsson, Fred",4874,3542,1332,69350
1311,"Ianin, Nikita",4869,2540,2329,12954
1312,"Cook, Ethan",4868,1995,2873,16245
1313,"Genier, Tanguy",4842,3526,1316,6698
1314,"Little, Daniel",4827,3149,1678,44263
1315,"Mrva, Maxim",4824,4310,514,6747
1316,"Molder, Markus",4821,4131,690,5670
1317T,"Martin Manzano, Juan Cruz",4818,4046,772,6036
1317T,"Raquillet, Leo",4818,4764,54,9278
1319,"Blanch, Ulises",4816,4816,0,346383
1320,"Song, MinKyu",4812,0,4812,128688
